frame,mascara,nose,left_shoulder,right_shoulder,left_elbow,right_elbow,left_wrist,right_wrist,left_hip,right_hip,left_knee,right_knee,left_ankle,right_ankle,mid_shoulder,mid_hip,nose_mid_shoulder,mid_shoulder_mid_hip,left_shoulder_left_elbow,left_elbow_left_wrist,right_shoulder_right_elbow,right_elbow_right_wrist,left_hip_left_knee,left_knee_left_ankle,right_hip_right_knee,right_knee_right_ankle,mid_shoulder_angle,left_shoulder_angle,left_elbow_angle,right_shoulder_angle,right_elbow_angle,left_hip_angle,left_knee_angle,right_hip_angle,right_knee_angle,Etiqueta
1,"[[  0   0   0 ...  85  28  76]
 [  0   0   0 ...   0  23 145]
 [  0   0   0 ... 100 128 106]
 ...
 [  0   0   0 ...   0   0   0]
 [  0   0   0 ...   0   0   0]
 [  0   0   0 ...   0   0   0]]","[296.638427734375, 235.48504638671875, 0.5919418931007385]","[236.2444610595703, 323.31689453125, 0.08899618685245514]","[177.28839111328125, 318.9972839355469, 0.13308680057525635]","[218.989013671875, 470.1832275390625, 0.0514916330575943]","[167.22271728515625, 452.9048156738281, 0.3551386594772339]","[249.18603515625, 598.331298828125, 0.0347922183573246]","[237.68240356445312, 594.01171875, 0.4520185887813568]","[218.989013671875, 615.6096801757812, 0.05693262442946434]","[154.28114318847656, 617.049560546875, 0.06882309168577194]","[259.2516784667969, 763.9158935546875, 0.18656185269355774]","[167.22271728515625, 808.5517578125, 0.14487874507904053]","[126.96005249023438, 925.1808471679688, 0.07625085860490799]","[139.90162658691406, 1007.2532958984375, 0.11687678843736649]","[206.76641845703125, 321.1571044921875]","[186.63507080078125, 616.32958984375]",[136.37055942646637],[93.9016435272527],[96.70100760599429],[76.74061460761718],[94.29877291619006],[63.46541526399295],[74.81124058241156],[129.36329997298975],[86.13387274726395],[97.82897157668745],[137.53108410078633],[272.51056202985586],[160.03960700162287],[90.10826617906042],[149.1666423478029],[256.0859223235482],[234.55205939057822],[87.40866312342816],[191.6950988294235],MARIO
2,"[[  0   0   0 ...  91  56  36]
 [  0   0   0 ...   6   2   5]
 [  0   0   0 ... 102  77  34]
 ...
 [121  60  31 ...   0   0   0]
 [  2   1   3 ...   0   0   0]
 [  5  39 144 ...   0   0   0]]","[313.80584716796875, 230.22946166992188, 0.5696814060211182]","[249.2974090576172, 319.50079345703125, 0.09201379865407944]","[194.82362365722656, 316.6210632324219, 0.14545106887817383]","[236.3957061767578, 464.9266052246094, 0.037661995738744736]","[189.08953857421875, 449.0881652832031, 0.35835912823677063]","[283.7019348144531, 611.7923583984375, 0.06473426520824432]","[272.2337341308594, 593.0741577148438, 0.46969136595726013]","[247.8638916015625, 611.7923583984375, 0.057335805147886276]","[173.32080078125, 616.1118774414062, 0.07853510975837708]","[280.8348693847656, 764.41748046875, 0.24369917809963226]","[177.62136840820312, 803.293701171875, 0.16961905360221863]","[163.28616333007812, 964.5579833984375, 0.09225728362798691]","[137.4827880859375, 1004.8741455078125, 0.10083545744419098]","[222.06051635742188, 318.0609130859375]","[210.59234619140625, 613.9521484375]",[136.24856493363293],[92.21956228873738],[95.06982121803547],[72.14597828450414],[92.47860713917441],[59.99586848576928],[77.80994955912968],[120.42703347599875],[88.6838410528569],[101.2614110424081],[135.97099735510443],[272.0436925049364],[157.07615706646868],[89.45254244422638],[147.5172613465949],[261.12638360797825],[222.61708391686906],[92.00018158925073],[192.5775699895512],MARIO
3,"[[  0   0   0 ...  53 154  64]
 [  0   0   0 ...  63 151  34]
 [  0   0   0 ... 117 117  19]
 ...
 [152 108   8 ...   0   0   0]
 [  2   1   4 ...   0   0   0]
 [  2   1   2 ...   0   0   0]]","[331.1671447753906, 236.89598083496094, 0.962107241153717]","[270.9266052246094, 323.2083435058594, 0.0933532565832138]","[212.12034606933594, 317.4541931152344, 0.14008702337741852]","[237.93771362304688, 465.62371826171875, 0.03711659833788872]","[213.55462646484375, 448.36126708984375, 0.3716764450073242]","[306.7840881347656, 589.338134765625, 0.05356321483850479]","[302.4811706542969, 589.338134765625, 0.5281931757926941]","[275.2294921875, 620.9859619140625, 0.08164829015731812]","[190.60586547851562, 618.10888671875, 0.07077338546514511]","[302.4811706542969, 766.2785034179688, 0.30207139253616333]","[179.1314697265625, 799.3648071289062, 0.1928097903728485]","[219.2918243408203, 970.5510864257812, 0.21531808376312256]","[140.4053955078125, 1003.6375122070312, 0.13471251726150513]","[241.52346801757812, 320.3312683105469]","[232.9176788330078, 619.5474243164062]",[137.05433432971054],[91.64743614148234],[103.04189796578932],[60.90430914624195],[89.37226520540028],[57.756754778365284],[79.37679162496026],[112.15845093026006],[93.62227245829742],[100.73475435854283],[134.5931018117718],[277.4533389152918],[137.86241118045263],[83.7837032730722],[148.384489572965],[257.42957189306213],[212.78165930529977],[91.67505272639926],[187.11248190024543],MARIO
4,"[[  0   0   0 ...   0   0   0]
 [  0   0   0 ...   0   0   0]
 [  0   0   0 ...   0   0   0]
 ...
 [ 56 162  42 ...   0   0   0]
 [  5   2   4 ...   0   0   0]
 [  0   2   1 ...   0   0   0]]","[347.86907958984375, 234.649169921875, 0.7070057392120361]","[283.3766174316406, 323.82861328125, 0.07818812876939774]","[228.91632080078125, 319.51348876953125, 0.15784505009651184]","[257.57965087890625, 469.10479736328125, 0.05394567549228668]","[233.2158203125, 450.4058837890625, 0.4544309973716736]","[327.80474853515625, 582.7366943359375, 0.02308833971619606]","[323.5052490234375, 579.8599853515625, 0.6912810206413269]","[289.1092834472656, 623.0112915039062, 0.10482241213321686]","[203.11936950683594, 615.8194580078125, 0.07842028886079788]","[323.5052490234375, 766.8491821289062, 0.271312952041626]","[184.48822021484375, 799.9318237304688, 0.17830292880535126]","[283.3766174316406, 973.9756469726562, 0.27651703357696533]","[141.4932403564453, 996.9896240234375, 0.16641195118427277]","[256.146484375, 321.6710510253906]","[246.11431884765625, 619.4154052734375]",[136.5064466310879],[91.92978763275684],[100.06916247650321],[58.28372120260791],[88.11864826189506],[55.10565791985216],[76.55140444612545],[100.96463120379187],[95.7783443527925],[102.30816866191536],[135.42334100166894],[275.5388326434317],[138.2145587261047],[83.58832348495095],[146.9870096579571],[251.77059502787327],[204.41322675766642],[90.99745247424349],[186.52982430912286],MARIO
5,"[[  0   0   0 ...   0   0   0]
 [  0   0   0 ...   0   0   0]
 [  0   0   0 ...   0   0   0]
 ...
 [118  91   5 ...   0   0   0]
 [  2   3   2 ...   0   0   0]
 [  1   1   2 ...   0   0   0]]","[363.3565368652344, 241.12135314941406, 1.8175278902053833]","[303.0094299316406, 325.9558410644531, 0.10136891156435013]","[248.40966796875, 323.0801086425781, 0.268685519695282]","[284.3305969238281, 484.12188720703125, 0.05321603640913963]","[257.03070068359375, 455.3644104003906, 0.5695930123329163]","[343.2408447265625, 567.5184936523438, 0.021348200738430023]","[350.4250183105469, 579.021484375, 0.792656660079956]","[305.88311767578125, 613.5303955078125, 0.13591404259204865]","[221.1098175048828, 612.0925903320312, 0.10960078984498978]","[337.4934997558594, 776.0100708007812, 0.383133202791214]","[189.4994354248047, 801.8917846679688, 0.3185519576072693]","[341.80401611328125, 974.4365234375, 0.3231929540634155]","[140.64700317382812, 998.8803100585938, 0.19172818958759308]","[275.70953369140625, 324.5179748535156]","[263.4964599609375, 612.8115234375]",[136.42348954144842],[92.42578936041747],[96.73522663174678],[54.76312739550439],[86.27127889607377],[52.93739087475463],[78.99064487324544],[88.75553106656318],[99.45562034429739],[103.92814409407792],[136.00229981896905],[273.7202842931581],[138.02790076375763],[83.25633319340305],[146.66611197868085],[258.0190092349831],[189.76488619331775],[98.48390187630112],[184.47252374978052],MARIO
6,"[[  0   0   0 ...   0   0   0]
 [  0   0   0 ...   0   0   0]
 [  0   0   0 ...   0   0   0]
 ...
 [  1 144  48 ...   0   0   0]
 [154   4   1 ...   0   0   0]
 [  5   0   0 ...   0   0   0]]","[383.263916015625, 245.29098510742188, 1.2411060333251953]","[312.697265625, 328.70501708984375, 0.13550183176994324]","[268.05303955078125, 325.82867431640625, 0.2723989486694336]","[306.93670654296875, 491.2185363769531, 0.07172811031341553]","[278.1340026855469, 459.5787353515625, 0.6802235245704651]","[358.7815856933594, 568.8798828125, 0.034329988062381744]","[371.7428283691406, 583.2615966796875, 0.8831090927124023]","[314.13739013671875, 617.7777099609375, 0.17131708562374115]","[239.2503204345703, 619.2159423828125, 0.11930595338344574]","[351.5809020996094, 790.3585205078125, 0.4707140326499939]","[194.6061248779297, 807.6166381835938, 0.33219435811042786]","[391.9046936035156, 971.5682983398438, 0.37036868929862976]","[139.88096618652344, 1003.2080688476562, 0.23299597203731537]","[290.3751525878906, 327.266845703125]","[276.69384765625, 618.496826171875]",[138.57106777353798],[92.6896445983962],[92.03009321409486],[56.27386335188692],[85.68967224344104],[52.87990381736894],[77.75870487731319],[77.45463601753406],[103.3311479442105],[105.63126025134171],[134.11857682485822],[268.3437298990535],[144.24377013779204],[82.0033089283997],[147.1902315739279],[258.85895492034143],[179.69593114022086],[104.43139843549663],[182.30011230713126],MARIO
7,"[[  0   0   0 ...   0   0   0]
 [  0   0   0 ...   0   0   0]
 [  0   0   0 ...   0   0   0]
 ...
 [  1   1   2 ...   0   0   0]
 [  2  60 128 ...   0   0   0]
 [156  16   2 ...   0   0   0]]","[400.8474426269531, 247.39129638671875, 1.0891215801239014]","[337.54925537109375, 339.5126037597656, 0.17274311184883118]","[287.1984558105469, 326.5580139160156, 0.3108995854854584]","[334.67205810546875, 497.8460998535156, 0.11284200847148895]","[295.83001708984375, 466.1793518066406, 0.7251660823822021]","[385.0229187011719, 581.3309936523438, 0.05827128142118454]","[390.7772216796875, 582.7703857421875, 0.8198814392089844]","[328.9176940917969, 618.7553100585938, 0.15858465433120728]","[254.1107635498047, 617.3158569335938, 0.11421266943216324]","[362.00537109375, 791.4827270507812, 0.45374083518981934]","[202.3213653564453, 807.3160400390625, 0.4019950330257416]","[432.49652099609375, 967.0888671875, 0.41244375705718994]","[140.4617919921875, 1003.0737915039062, 0.2426619976758957]","[312.37384033203125, 333.0353088378906]","[291.51422119140625, 618.0355834960938]",[135.93103323431868],[94.18610402878525],[91.04105020406436],[58.90525717430774],[86.46240722606714],[50.841968210499125],[79.15578631665502],[68.12867432620905],[105.24702540256077],[107.53656914400847],[138.25507079446658],[256.6125565908586],[147.86420697024337],[72.03389685276963],[144.379560984432],[258.05342327896733],[168.97288800955403],[104.14466191527359],[182.28954374144772],MARIO
8,"[[  0   0   0 ...   0   0   0]
 [  0   0   0 ...   0   0   0]
 [  0   0   0 ...   0   0   0]
 ...
 [  4 140   6 ...   0   0   0]
 [162   5   3 ...   0   0   0]
 [  5   1   1 ...   0   0   0]]","[417.13800048828125, 252.63584899902344, 3.0229713916778564]","[350.9780578613281, 344.7750244140625, 0.13311727344989777]","[303.5155029296875, 331.8179626464844, 0.3161507844924927]","[352.41632080078125, 503.13922119140625, 0.10380982607603073]","[316.4598388671875, 470.0267028808594, 0.7775797843933105]","[225.84945678710938, 612.554443359375, 0.08693787455558777]","[408.5084533691406, 589.5196533203125, 0.7781463265419006]","[345.22503662109375, 619.7528076171875, 0.14201641082763672]","[274.7502746582031, 619.7528076171875, 0.11998336017131805]","[384.0580749511719, 793.9534301757812, 0.5371753573417664]","[211.46685791015625, 808.3501586914062, 0.3660935163497925]","[460.2857971191406, 968.154052734375, 0.3651736378669739]","[145.30690002441406, 999.8268432617188, 0.25618547201156616]","[327.24676513671875, 338.2965087890625]","[309.9876708984375, 619.7528076171875]",[136.38048761830723],[93.509022851765],[89.47965428833912],[139.15706003036723],[84.64940779028768],[52.391978181438745],[77.43302579608739],[66.36649526704956],[108.54906190331042],[109.06130450457027],[137.12853523345777],[254.21027828438514],[229.6774057420281],[69.37994449697652],[147.74257039115108],[257.4330257960874],[168.93346947096217],[108.54906190331042],[180.51224260125989],MARIO
9,"[[  0   0   0 ...   0   0   0]
 [  0   0   0 ...   0   0   0]
 [  0   0   0 ...   0   0   0]
 ...
 [  5 160   3 ...   0   0   0]
 [ 32   3   2 ...   0   0   0]
 [  0   1   0 ...   0   0   0]]","[440.3390197753906, 260.6139221191406, 1.1297492980957031]","[372.712646484375, 341.205078125, 0.16305939853191376]","[320.9136962890625, 341.205078125, 0.29655131697654724]","[371.2737731933594, 509.5830078125, 0.08340951800346375]","[335.3022766113281, 479.361328125, 0.8560455441474915]","[241.77639770507812, 631.9088134765625, 0.041027117520570755]","[424.5115661621094, 600.248046875, 0.6832744479179382]","[371.2737731933594, 631.9088134765625, 0.1316359043121338]","[292.1365051269531, 623.2740478515625, 0.12903562188148499]","[408.68414306640625, 801.7258911132812, 0.4127061665058136]","[228.82667541503906, 808.9215087890625, 0.3535487651824951]","[467.6773681640625, 980.177734375, 0.4379957318305969]","[143.9339599609375, 997.4472045898438, 0.2567104399204254]","[346.81317138671875, 341.205078125]","[331.70513916015625, 627.5914306640625]",[139.24854823733654],[93.01978360628668],[90.4896090615625],[136.6312622660932],[84.05424290913241],[53.57424205992393],[77.57629423663849],[71.70696926498638],[108.83049476524813],[114.24193545107842],[133.77123536895016],[270.48960906156253],[226.1416532045307],[84.05424290913241],[149.5199991507915],[251.3493138734194],[174.1306750283479],[102.60351440202905],[185.41144068583029],MARIO
10,"[[  0   0   0 ...   0   0   0]
 [  0   0   0 ...   0   0   0]
 [  0   0   0 ...   0   0   0]
 ...
 [  2   2  25 ...   0   0   0]
 [  7 148  18 ...   0   0   0]
 [165  26   4 ...   0   0   0]]","[452.5193786621094, 263.91424560546875, 2.95235013961792]","[392.0897521972656, 354.6227111816406, 0.15283557772636414]","[340.29296875, 341.66436767578125, 0.3804488480091095]","[380.5793762207031, 511.562744140625, 0.10044506937265396]","[350.36456298828125, 477.00714111328125, 0.6693652868270874]","[441.0090026855469, 603.7110595703125, 0.06496775150299072]","[441.0090026855469, 603.7110595703125, 1.1203467845916748]","[392.0897521972656, 622.4286499023438, 0.17885500192642212]","[312.9557800292969, 622.4286499023438, 0.11920435726642609]","[426.6210021972656, 802.40576171875, 0.4619118869304657]","[252.52618408203125, 803.8455810546875, 0.37328311800956726]","[476.97900390625, 980.943115234375, 0.4120666980743408]","[147.49375915527344, 999.6607055664062, 0.2214834839105606]","[366.19134521484375, 348.1435546875]","[352.52276611328125, 622.4286499023438]",[135.70499445009548],[92.85288769140008],[94.19470577436154],[56.743676121965784],[85.74415266996132],[54.41993296391168],[79.13895275402574],[74.24843624432823],[108.42280675434179],[118.20847084401358],[137.14789324130462],[260.1489788408612],[142.54897034760424],[71.69834630249875],[148.67578029395037],[259.13895275402575],[175.10948349030252],[108.42280675434179],[189.7856640896718],MARIO
11,"[[  0   0   0 ...   0   0   0]
 [  0   0   0 ...   0   0   0]
 [  0   0   0 ...   0   0   0]
 ...
 [  8  61 125 ...   0   0   0]
 [  0   0   0 ...   0   0   0]
 [  0   0   0 ...   0   0   0]]","[476.7378234863281, 263.6103820800781, 3.692182779312134]","[403.3832702636719, 342.68609619140625, 0.11200303584337234]","[368.8634338378906, 342.68609619140625, 0.3182280361652374]","[387.5616455078125, 513.7771606445312, 0.05376555025577545]","[370.3017578125, 480.7091064453125, 0.9718908667564392]","[439.34136962890625, 592.8528442382812, 0.05576569586992264]","[447.9713134765625, 607.230224609375, 0.9946773052215576]","[404.8215637207031, 623.0453491210938, 0.15712220966815948]","[342.9736022949219, 630.2340087890625, 0.13502883911132812]","[449.40966796875, 809.9515380859375, 0.5007947087287903]","[276.81060791015625, 807.0761108398438, 0.32483798265457153]","[483.92950439453125, 981.0426025390625, 0.42289215326309204]","[163.18289184570312, 982.4802856445312, 0.21754054725170135]","[386.12335205078125, 342.68609619140625]","[373.8975830078125, 626.6396484375]",[138.8900654889257],[92.46537715348042],[95.28339373117196],[56.78273065647259],[89.40294802833733],[58.454814581592125],[76.58237308519767],[78.59297639452639],[110.51263186464445],[122.935371512064],[133.5753116645547],[275.28339373117194],[141.49933692530067],[89.40294802833733],[149.0518665532548],[263.21212291091575],[182.01060330932873],[117.14249326857471],[192.42273964741958],MARIO
12,"[[0 0 0 ... 0 0 0]
 [0 0 0 ... 0 0 0]
 [0 0 0 ... 0 0 0]
 ...
 [0 0 0 ... 0 0 1]
 [0 0 0 ... 0 0 0]
 [0 0 0 ... 0 0 0]]","[494.6711120605469, 264.76861572265625, 2.8888466358184814]","[424.2470397949219, 343.83770751953125, 0.13452260196208954]","[382.5674133300781, 342.40008544921875, 0.32966625690460205]","[402.6885986328125, 510.6015625, 0.056874483823776245]","[385.44189453125, 480.4115905761719, 0.9708475470542908]","[441.4937438964844, 585.3578491210938, 0.07850262522697449]","[455.8659973144531, 608.3597412109375, 0.826022744178772]","[422.80975341796875, 621.29833984375, 0.15489202737808228]","[358.1346130371094, 625.6111450195312, 0.12581361830234528]","[467.36383056640625, 801.000732421875, 0.4635157585144043]","[307.8316650390625, 803.8759765625, 0.3502855598926544]","[490.35943603515625, 980.7033081054688, 0.39045998454093933]","[168.4207000732422, 977.8280639648438, 0.2391899824142456]","[403.4072265625, 343.118896484375]","[390.47216796875, 623.4547119140625]",[139.35382492475912],[92.641827905196],[97.36607406291805],[62.56668288285106],[88.80682532780624],[61.171118456520155],[76.07529738553929],[82.70778758936434],[105.75805790246802],[128.70984155675066],[133.28800298043686],[275.3905996633514],[145.20060881993302],[86.83135092823957],[152.36429312871394],[259.89031248152526],[186.63249020382509],[109.57318425164824],[202.95178365428265],MARIO
13,"[[0 0 0 ... 0 0 0]
 [0 0 0 ... 0 0 0]
 [0 0 0 ... 0 0 0]
 ...
 [1 0 0 ... 0 0 0]
 [0 0 0 ... 0 0 0]
 [0 0 0 ... 0 0 0]]","[508.9356384277344, 260.6208801269531, 1.4236674308776855]","[447.0610656738281, 351.2428894042969, 0.08978141844272614]","[411.08740234375, 341.17376708984375, 0.2925782799720764]","[377.99176025390625, 499.40264892578125, 0.04573791101574898]","[401.01483154296875, 476.3875427246094, 0.6319398283958435]","[339.1402587890625, 638.9317626953125, 0.04787291958928108]","[468.64520263671875, 617.3551025390625, 0.7888432741165161]","[439.8663024902344, 621.6704711914062, 0.10589376091957092]","[396.697998046875, 633.177978515625, 0.10957948118448257]","[483.0346374511719, 795.7222290039062, 0.492544025182724]","[352.0907287597656, 797.16064453125, 0.24873892962932587]","[490.2293701171875, 981.2815551757812, 0.35018378496170044]","[179.41746520996094, 969.7740478515625, 0.13836611807346344]","[429.07421875, 346.20831298828125]","[418.28216552734375, 627.4241943359375]",[133.0178436412997],[92.19772729175338],[114.99405176131417],[105.55971638652193],[94.26030411813394],[64.37024572472315],[76.07057296676318],[87.77957036620754],[105.21762286959178],[135.009933017418],[139.17988365045372],[279.3569472583558],[170.56566462520777],[78.62326453111461],[150.1099416065892],[270.99691766355903],[191.70899739944434],[120.14409867431604],[209.79231014782624],MARIO
14,"[[0 0 0 ... 0 0 0]
 [0 0 0 ... 0 0 0]
 [0 0 0 ... 0 0 0]
 ...
 [0 0 0 ... 0 1 1]
 [0 0 0 ... 0 0 0]
 [0 0 0 ... 0 0 0]]","[527.1213989257812, 262.7795715332031, 3.116007089614868]","[473.83978271484375, 353.4656066894531, 0.17110343277454376]","[424.87823486328125, 341.9499206542969, 0.32062482833862305]","[486.8001708984375, 494.5328063964844, 0.08067535609006882]","[417.6780090332031, 472.9408874511719, 0.599958062171936]","[481.0400085449219, 618.326416015625, 0.09759772568941116]","[472.3996887207031, 605.3712768554688, 0.5485557317733765]","[481.0400085449219, 619.7659301757812, 0.140028178691864]","[407.5976867675781, 624.0842895507812, 0.12015887349843979]","[489.68023681640625, 789.6222534179688, 0.4330803155899048]","[390.317138671875, 799.6985473632812, 0.3655601143836975]","[489.68023681640625, 982.510009765625, 0.34063833951950073]","[234.79226684570312, 940.765625, 0.18376334011554718]","[449.3590087890625, 347.707763671875]","[444.31884765625, 621.9251098632812]",[132.47800388636185],[91.05298753709994],[84.750751761327],[92.66407224108603],[93.14623081773823],[67.54905284790014],[87.08799601761623],[90.0],[95.61984721089627],[137.79075475646414],[138.5749836507381],[251.51541925288402],[187.91332047975905],[79.91089830929525],[154.40282203016193],[270.4530749833498],[182.91200398238377],[98.98492617662983],[222.17090754556787],MARIO
15,"[[0 0 0 ... 0 0 0]
 [0 0 0 ... 0 0 0]
 [0 0 0 ... 0 0 0]
 ...
 [0 2 0 ... 1 1 0]
 [0 0 1 ... 0 1 1]
 [0 0 0 ... 0 0 0]]","[543.8760375976562, 263.6723327636719, 1.9887278079986572]","[490.7322692871094, 345.70562744140625, 0.10506794601678848]","[441.89739990234375, 337.0705261230469, 0.2735605835914612]","[407.42572021484375, 479.5494689941406, 0.04683958366513252]","[433.2794494628906, 465.1576232910156, 0.5635236501693726]","[484.9869689941406, 600.4406127929688, 0.06726199388504028]","[482.1143493652344, 601.8798217773438, 0.9843717217445374]","[495.0412292480469, 619.1499633789062, 0.12065605074167252]","[430.4068298339844, 627.7850341796875, 0.11146367341279984]","[496.4775390625, 800.4867553710938, 0.4919343888759613]","[439.0247497558594, 797.6083374023438, 0.3539835512638092]","[490.7322692871094, 981.8235473632812, 0.34759724140167236]","[263.7937927246094, 927.1347045898438, 0.15103638172149658]","[466.3148193359375, 341.3880615234375]","[462.7240295410156, 623.467529296875]",[134.9429870519965],[90.72931925938161],[121.89879515522206],[57.31661163279861],[93.8491708913931],[70.34411573802744],[89.54618823554954],[91.81468762615874],[87.09493790248531],[143.52910917850713],[135.78633220738513],[291.87123654473186],[115.41781647757658],[83.82166944132199],[156.49494484663433],[277.15582223669804],[182.2684993906092],[94.7044655907782],[236.4341712760218],MARIO
16,"[[  0   0   0 ...   1   0   0]
 [  0   0   0 ...   2   0   0]
 [  0   0   0 ...   2   0   0]
 ...
 [  0   0   0 ...   1  27 167]
 [  0   0   0 ... 121  94 120]
 [  0   0   0 ...   1   1   1]]","[564.8228149414062, 255.25807189941406, 1.490443468093872]","[508.6776123046875, 348.72137451171875, 0.14918380975723267]","[459.73046875, 335.7803039550781, 0.2652926445007324]","[514.43603515625, 519.8311157226562, 0.12892955541610718]","[448.2135314941406, 468.0668029785156, 0.49944570660591125]","[540.3492431640625, 613.29443359375, 0.36248883605003357]","[495.72100830078125, 600.3533935546875, 0.746212899684906]","[510.1172180175781, 614.7322998046875, 0.09440838545560837]","[448.2135314941406, 619.0460205078125, 0.10285969078540802]","[507.2379455566406, 797.3452758789062, 0.3224652409553528]","[475.5662841796875, 788.7178344726562, 0.37427207827568054]","[491.40216064453125, 978.520263671875, 0.29045745730400085]","[312.8890686035156, 915.2527465820312, 0.1681729257106781]","[484.20404052734375, 342.2508544921875]","[479.1653747558594, 616.88916015625]",[132.82217957845972],[91.05106204255364],[88.07253022018998],[74.5036796967635],[94.97565713832492],[70.24549684058017],[90.90331199404312],[94.99530090555308],[80.84215177986681],[142.12321933405647],[138.2288824640939],[253.26306938065085],[166.43114947657352],[80.16612952106436],[155.26983970225524],[274.88948965752337],[184.09198891151],[84.82832944334703],[241.28106755418963],MARIO
17,"[[  0   0   0 ...  12  12   3]
 [  0   0   0 ...   1   2 152]
 [  0   0   0 ...   3 165  75]
 ...
 [  0   0   0 ...  34  71  75]
 [  0   0   0 ...   0   5   1]
 [  0   0   0 ...   2   2   4]]","[578.905517578125, 253.70729064941406, 0.7244041562080383]","[518.6422119140625, 340.0143737792969, 0.10779904574155807]","[475.596923828125, 332.8221130371094, 0.20702163875102997]","[531.5557861328125, 506.874755859375, 0.1249188706278801]","[464.1181945800781, 462.2827453613281, 0.3934716582298279]","[567.4268188476562, 606.1278686523438, 0.2699524462223053]","[510.03314208984375, 598.9356079101562, 0.6144525408744812]","[491.38018798828125, 610.4432373046875, 0.06810250878334045]","[456.9440002441406, 610.4432373046875, 0.08083032816648483]","[508.59832763671875, 781.618896484375, 0.18293945491313934]","[511.46795654296875, 778.7420654296875, 0.34322589635849]","[492.81500244140625, 977.2483520507812, 0.25260937213897705]","[349.3308410644531, 913.9564819335938, 0.1973101645708084]","[497.11956787109375, 336.4182434082031]","[474.162109375, 610.4432373046875]",[134.67781635094673],[94.78898255538103],[85.57461516711383],[70.12965528351802],[95.06692519670025],[71.42780757834507],[84.25607815311557],[94.61261527651611],[72.04917429558854],[140.173548089713],[140.1111662044343],[256.088923391961],[164.5550401164042],[85.5812334215474],[156.3608823816448],[264.2560781531156],[190.35653712340056],[72.04917429558854],[248.12437379412447],MARIO
18,"[[0 0 0 ... 1 0 0]
 [0 0 0 ... 2 1 1]
 [0 0 0 ... 1 1 3]
 ...
 [0 0 0 ... 0 0 0]
 [0 0 0 ... 0 0 0]
 [0 0 0 ... 0 1 1]]","[593.6023559570312, 254.34390258789062, 0.8214016556739807]","[539.0825805664062, 340.61181640625, 0.10742781311273575]","[493.1712341308594, 327.671630859375, 0.23999394476413727]","[533.3436889648438, 491.58062744140625, 0.09110330045223236]","[480.2586669921875, 459.9490661621094, 0.5142111778259277]","[593.6023559570312, 595.1021118164062, 0.42603006958961487]","[527.604736328125, 609.4801025390625, 0.5815652012825012]","[496.04071044921875, 609.4801025390625, 0.0785561129450798]","[481.69342041015625, 608.0422973632812, 0.08789681643247604]","[504.6490478515625, 790.6427612304688, 0.1910000741481781]","[539.0825805664062, 780.578125, 0.3495144546031952]","[491.73651123046875, 977.5565795898438, 0.2501160502433777]","[404.218017578125, 918.6068115234375, 0.14231638610363007]","[516.1268920898438, 334.1417236328125]","[488.8670654296875, 608.76123046875]",[134.15401019959063],[95.66883709000923],[92.1769795953372],[59.79680668308107],[95.57539496154736],[72.43063066814672],[87.2795128115467],[93.95187621353487],[71.60175527872403],[134.33570067677874],[141.51482689041862],[256.43641532317724],[147.6198270877439],[79.83481080077406],[156.85523570659933],[261.55699821674455],[186.67236340198818],[65.8787580442924],[242.73394539805474],MARIO
19,"[[0 0 0 ... 0 0 0]
 [0 0 0 ... 0 0 0]
 [0 0 0 ... 0 0 0]
 ...
 [0 0 0 ... 0 0 0]
 [0 0 0 ... 0 0 0]
 [0 0 0 ... 0 0 0]]","[609.4558715820312, 250.93124389648438, 0.6775985360145569]","[559.1361694335938, 350.1535339355469, 0.09805238246917725]","[508.8164367675781, 328.5834655761719, 0.20187459886074066]","[580.7017822265625, 498.2679748535156, 0.1773088276386261]","[494.4393310546875, 458.0038757324219, 0.4300888478755951]","[626.7083740234375, 591.7382202148438, 0.4635600745677948]","[539.0082397460938, 593.1762084960938, 0.7682358026504517]","[494.4393310546875, 607.5562744140625, 0.04621157422661781]","[501.6278991699219, 606.1182250976562, 0.104789137840271]","[507.3786926269531, 774.3648071289062, 0.2801975905895233]","[570.6378173828125, 771.4887084960938, 0.26143795251846313]","[500.190185546875, 972.809326171875, 0.18766814470291138]","[452.745849609375, 925.3551635742188, 0.12879246473312378]","[533.976318359375, 339.3684997558594]","[498.03363037109375, 606.8372802734375]",[130.48014025595052],[97.65360643051974],[81.71588918396093],[63.793323781575296],[96.33890610772544],[71.75162173978987],[85.56444045769362],[92.07459046135573],[67.34898198895785],[127.4592161722026],[147.17346617456923],[238.51298761305318],[162.0774345976144],[73.13602970302212],[155.41271563206442],[96.87643107058027],[186.5101500036621],[258.66200168639836],[240.11023418324476],MARIO
20,"[[0 0 0 ... 0 0 0]
 [0 0 0 ... 0 0 0]
 [0 0 0 ... 0 0 0]
 ...
 [0 0 1 ... 0 0 0]
 [0 0 0 ... 0 0 0]
 [0 0 0 ... 0 0 0]]","[627.264404296875, 253.64877319335938, 1.899277687072754]","[575.4889526367188, 345.6657409667969, 0.09886670112609863]","[526.5899047851562, 329.8503112792969, 0.1915619671344757]","[594.1856079101562, 493.7555847167969, 0.19445309042930603]","[509.3314208984375, 462.124755859375, 0.42613136768341064]","[650.2756958007812, 581.4592895507812, 0.4513651132583618]","[558.2304077148438, 597.2747192382812, 0.5939266681671143]","[505.01678466796875, 611.65234375, 0.0502399317920208]","[522.2752685546875, 607.3390502929688, 0.08063449710607529]","[513.6460571289062, 778.4331665039062, 0.23774060606956482]","[595.6238403320312, 759.7422485351562, 0.2942782938480377]","[487.7582702636719, 963.9048461914062, 0.06535223871469498]","[509.3314208984375, 943.7761840820312, 0.14221017062664032]","[551.0394287109375, 337.7580261230469]","[513.64599609375, 609.4957275390625]",[132.18480429159658],[97.83518079245998],[82.8043576425017],[57.39943032708022],[97.43366336199499],[70.10922758496059],[87.03814626107064],[97.94590128736894],[64.29943050278013],[115.12160168199335],[145.65037650086342],[244.88158291475085],[154.59507268457853],[79.51088863424413],[152.67556422296562],[101.07009868173925],[190.9077550262983],[258.33166902659184],[230.82217117921323],MARIO
21,"[[ 0  0  0 ...  0  0  0]
 [ 0  0  0 ...  0  0  0]
 [ 0  0  0 ...  0  0  0]
 ...
 [81 83 18 ...  0  0  0]
 [43 72  1 ...  0  0  0]
 [36 74  1 ...  0  0  0]]","[640.921875, 256.89080810546875, 2.004673480987549]","[590.6395263671875, 349.0285949707031, 0.10340198874473572]","[541.7938232421875, 334.6320495605469, 0.2277892827987671]","[615.0624389648438, 487.2352294921875, 0.21247680485248566]","[527.4274291992188, 469.95941162109375, 0.4144955277442932]","[678.2745361328125, 579.373046875, 0.4368814527988434]","[574.8364868164062, 596.6488647460938, 0.5732836127281189]","[518.8075561523438, 612.4850463867188, 0.06414783746004105]","[544.6671142578125, 612.4850463867188, 0.10355755686759949]","[524.5541381835938, 786.6829833984375, 0.21473751962184906]","[617.9357299804688, 759.3296508789062, 0.29506784677505493]","[485.7648620605469, 982.4758911132812, 0.16250920295715332]","[557.5968627929688, 950.803466796875, 0.17842908203601837]","[566.2166748046875, 341.830322265625]","[531.7373046875, 612.4850463867188]",[131.33196945571223],[97.25994513100355],[79.9785496143701],[55.547528857491606],[96.05984062605029],[69.48341132236165],[88.11056581880204],[101.20597993466372],[63.4829411888494],[107.49112792086297],[145.92797567529135],[243.55645156291666],[155.5689792431215],[79.63774257459686],[153.42357069631134],[88.11056581880204],[193.09541411586167],[243.4829411888494],[224.00818673201357],MARIO
22,"[[ 0  0  0 ...  0  0  0]
 [ 0  0  0 ...  0  0  0]
 [ 0  0  0 ...  0  0  0]
 ...
 [70  2 12 ...  0  0  0]
 [ 2  2  2 ...  0  0  0]
 [ 1  3  3 ...  0  0  0]]","[659.6536254882812, 257.76458740234375, 1.9270168542861938]","[606.5982055664062, 349.914794921875, 0.1575494259595871]","[557.8446044921875, 336.9561462402344, 0.24772386252880096]","[629.5410766601562, 486.70025634765625, 0.29018309712409973]","[544.939208984375, 470.8619079589844, 0.49931737780570984]","[698.3696899414062, 574.5308227539062, 0.5268868207931519]","[590.8250122070312, 596.1285400390625, 0.5870897173881531]","[532.0338745117188, 610.5270385742188, 0.0673522800207138]","[559.2785034179688, 610.5270385742188, 0.10390559583902359]","[530.5999145507812, 781.8687744140625, 0.23497001826763153]","[633.8428344726562, 761.7109985351562, 0.3726704716682434]","[491.88385009765625, 977.68798828125, 0.22652684152126312]","[612.3339233398438, 977.68798828125, 0.2384057641029358]","[582.221435546875, 343.43548583984375]","[545.6561889648438, 610.5270385742188]",[132.1083173689521],[97.79542117153022],[80.47847301346546],[51.91589896274579],[95.5049759367843],[69.88196103816405],[90.47949750984273],[101.18389857405327],[63.74736232740911],[95.68727118385468],[145.68710380257812],[245.59350537201195],[151.43742594928034],[80.61997691424345],[154.37698510137972],[90.47949750984273],[190.70440106421054],[243.74736232740912],[211.93990885644556],MARIO
23,"[[  0   0   0 ...   0   0   0]
 [  0   0   0 ...   0   0   0]
 [  0   0   0 ...   0   0   0]
 ...
 [  0   4  73 ...   0   1   0]
 [  1  56  42 ...   1   1   1]
 [ 16  79   2 ... 169 162 113]]","[675.8191528320312, 261.9303894042969, 2.3402609825134277]","[625.4893188476562, 355.4298095703125, 0.1347510814666748]","[575.1595458984375, 339.6068420410156, 0.2706708014011383]","[644.1832885742188, 489.2059326171875, 0.2345944344997406]","[560.7796020507812, 476.2598571777344, 0.42292243242263794]","[727.5869140625, 572.6361694335938, 0.8814157247543335]","[612.5474243164062, 604.2821044921875, 0.8840463757514954]","[547.837646484375, 618.6666870117188, 0.06680306792259216]","[575.1595458984375, 617.2282104492188, 0.09187855571508408]","[534.8956909179688, 792.719482421875, 0.3314715027809143]","[649.9352416992188, 778.3349609375, 0.3939676284790039]","[491.7558288574219, 979.7183227539062, 0.278253972530365]","[668.629150390625, 992.6643676757812, 0.2989357113838196]","[600.324462890625, 347.518310546875]","[561.4985961914062, 617.9474487304688]",[131.4146067676882],[98.17019894824075],[82.04496105176727],[45.009139132516665],[96.0071050118415],[67.98327462577926],[94.25248760761],[102.99062654289781],[65.10221436993358],[85.015250756288],[146.75559218055253],[244.59250064598405],[142.9641780807494],[78.55474759819752],[151.97616961393774],[97.26628280351875],[188.73813893528782],[248.11600956584232],[199.91303638635443],MARIO
24,"[[  0   0   0 ...   0   0   0]
 [  0   0   0 ...   0   0   0]
 [  0   0   0 ...   0   0   0]
 ...
 [ 19   1   5 ...   6   6 156]
 [  2   2   1 ...  89 146  31]
 [ 44   6   2 ...   8   1   0]]","[693.8502197265625, 267.2443542480469, 3.0810232162475586]","[644.927001953125, 360.71795654296875, 0.1830691546201706]","[593.1260375976562, 347.77545166015625, 0.3207155168056488]","[657.8772583007812, 485.8287658691406, 0.3809577524662018]","[578.73681640625, 481.5146179199219, 0.6807278394699097]","[741.33447265625, 573.5501708984375, 0.9153054356575012]","[629.0989379882812, 606.6254272460938, 1.0479904413223267]","[564.34765625, 621.0059814453125, 0.08877763152122498]","[600.3206176757812, 625.3201293945312, 0.11250632256269455]","[537.0082397460938, 806.5150756835938, 0.3646291196346283]","[665.0718383789062, 805.0770874023438, 0.3870784640312195]","[493.8407287597656, 976.2056274414062, 0.3381274938583374]","[721.1896362304688, 987.7101440429688, 0.4014669358730316]","[619.0264892578125, 354.2467041015625]","[582.3341064453125, 623.1630859375]",[130.6961782286027],[97.769760874817],[84.09034329467234],[46.42698668220263],[96.14092599213377],[68.07323603977791],[98.38362156784599],[104.27270881064584],[70.19019991717033],[72.91933772391015],[147.0735826462143],[250.0621694713309],[142.3366433875303],[82.11272041636639],[151.93231004764414],[91.54483486804337],[185.88908724279986],[243.35162787415115],[182.72913780673983],MARIO
25,"[[ 0  0  0 ...  0  0  0]
 [ 0  0  0 ...  0  0  0]
 [ 0  0  0 ...  0  0  0]
 ...
 [ 2 20 67 ...  1  0  0]
 [ 4 78  1 ...  0  0  0]
 [54 16  1 ...  0  0  0]]","[711.6110229492188, 269.40057373046875, 2.8043065071105957]","[658.3300170898438, 362.9963684082031, 0.20644958317279816]","[613.689208984375, 352.91680908203125, 0.3022858500480652]","[678.4903564453125, 494.03045654296875, 0.3499828279018402]","[600.7289428710938, 485.3908386230469, 0.9616296291351318]","[760.5718994140625, 576.1067504882812, 0.8195215463638306]","[648.2498779296875, 610.6652221679688, 1.3377889394760132]","[577.6885375976562, 623.6246337890625, 0.08567479252815247]","[607.9290771484375, 620.7447509765625, 0.11223247647285461]","[550.3280029296875, 797.8568115234375, 0.35615020990371704]","[678.4903564453125, 797.8568115234375, 0.46947556734085083]","[494.1669921875, 979.2886352539062, 0.33650174736976624]","[760.5718994140625, 980.728515625, 0.3801184296607971]","[636.0096435546875, 357.95660400390625]","[592.808837890625, 622.1846923828125]",[130.48779604873343],[99.28559631914453],[81.25330428382547],[44.998167940714346],[95.58760818609727],[69.22651965711687],[98.9245542359461],[107.19956183001601],[68.27770899127987],[65.82718245177225],[148.7978002704111],[248.52973003951817],[143.7448636568889],[82.86399306426419],[153.63891147101958],[104.364558833496],[188.27500759406993],[253.71773541650427],[177.54947346049238],MARIO
26,"[[ 0  0  0 ...  0  0  0]
 [ 0  0  0 ...  0  0  0]
 [ 0  0  0 ...  0  0  0]
 ...
 [41 27 31 ...  3  3  1]
 [60  2  1 ...  0  1  1]
 [37 26  1 ...  0  0  0]]","[731.1467895507812, 275.3518371582031, 2.67607045173645]","[675.0642700195312, 367.4755859375, 0.20590755343437195]","[630.48583984375, 361.7178649902344, 0.32071420550346375]","[698.0724487304688, 501.34295654296875, 0.32850003242492676]","[620.4197387695312, 488.3880615234375, 0.7141929864883423]","[778.6011962890625, 577.6329345703125, 1.2602200508117676]","[669.3121948242188, 620.8159790039062, 0.7849045991897583]","[593.0975341796875, 625.13427734375, 0.09662007540464401]","[626.1718139648438, 623.69482421875, 0.09080477803945541]","[561.4612426757812, 802.1846313476562, 0.3943999707698822]","[696.6344604492188, 805.0635375976562, 0.38928213715553284]","[493.8746337890625, 980.6744995117188, 0.2993183135986328]","[781.4771728515625, 982.1139526367188, 0.3332065939903259]","[652.7750244140625, 364.59674072265625]","[609.6346435546875, 624.41455078125]",[131.28847592034998],[99.42743344109779],[80.2476896366332],[43.45168691727004],[94.54357578554836],[69.73582774000016],[100.1309929743365],[110.73957008860333],[68.76860424315312],[64.3962188313538],[148.13895752074782],[252.88819650833344],[143.20399728063686],[87.18398556526401],[155.1922519544518],[102.62304200301192],[190.60857711426684],[251.2606440858044],[175.6276145882007],MARIO
27,"[[  0   0   0 ...   0   0   0]
 [  0   0   0 ...   0   0   0]
 [  0   0   0 ...   0   0   0]
 ...
 [ 58   2   3 ...   3   1  24]
 [ 49  11   1 ...   1  31 164]
 [ 33  51  55 ... 149  23   3]]","[749.03955078125, 277.0826416015625, 3.528700351715088]","[691.4951782226562, 366.3321533203125, 0.14358362555503845]","[651.2141723632812, 364.8926696777344, 0.3451499044895172]","[708.7584838867188, 500.20648193359375, 0.3736805319786072]","[644.0210571289062, 495.887939453125, 0.7412137985229492]","[787.8819580078125, 579.37939453125, 1.0631719827651978]","[690.0565795898438, 625.4436645507812, 1.0137953758239746]","[610.93310546875, 624.0042114257812, 0.09266198426485062]","[652.6527709960938, 629.76220703125, 0.12841159105300903]","[580.7223510742188, 799.6242065429688, 0.4152342975139618]","[721.7059326171875, 806.8217163085938, 0.45595231652259827]","[500.1602783203125, 970.92578125, 0.34773388504981995]","[786.443359375, 986.7603759765625, 0.3534550964832306]","[671.3546752929688, 365.6124267578125]","[631.79296875, 626.8831787109375]",[131.26694747539565],[98.61033781622233],[82.65216772190709],[45.01789438166723],[93.14302694523563],[70.4381568602493],[99.760685274185],[115.1873119055665],[68.69422958247802],[70.21253823072911],[147.3433903408267],[260.60555773748496],[142.36572665976016],[91.09633025501984],[157.29512991501366],[91.90266915580519],[195.4266266313815],[240.83602624699952],[181.51830864825112],MARIO
28,"[[ 0  0  0 ...  0  0  0]
 [ 0  0  0 ...  0  0  0]
 [ 0  0  0 ...  0  0  0]
 ...
 [33 53 56 ...  1  3  0]
 [ 1  1  1 ...  1  1  1]
 [ 0  0  0 ...  0  0  1]]","[772.2742309570312, 279.2059020996094, 3.3491594791412354]","[714.7061767578125, 371.2860107421875, 0.20252792537212372]","[672.9692993164062, 368.40850830078125, 0.3741164803504944]","[726.2197875976562, 502.21240234375, 0.38336658477783203]","[667.21240234375, 499.3348693847656, 0.7531940340995789]","[799.6190795898438, 591.4149780273438, 0.8332226872444153]","[707.5101318359375, 627.3837890625, 0.9454759955406189]","[625.4755859375, 625.945068359375, 0.115826316177845]","[683.043701171875, 633.1387939453125, 0.10030557960271835]","[602.4483642578125, 791.4014892578125, 0.4653669595718384]","[742.051025390625, 807.227783203125, 0.39735254645347595]","[504.5825500488281, 969.806640625, 0.35590916872024536]","[789.544677734375, 988.510498046875, 0.35253483057022095]","[693.8377685546875, 369.8472595214844]","[654.2596435546875, 629.5419311523438]",[130.8712611360656],[98.66534368363243],[84.97436210040404],[50.5511449697834],[92.51770207292401],[72.53091213432836],[97.92318511049841],[118.74738240571837],[71.27595161377337],[75.31921593370976],[147.79408254756683],[261.0304037436039],[145.57678286937937],[88.57375521483218],[160.01321006140438],[90.8004117172764],[200.82419729521996],[244.15317822055135],[184.0432643199364],MARIO
29,"[[  0   0   0 ...   0   0   0]
 [  0   0   0 ...   0   0   0]
 [  0   0   0 ...   0   0   0]
 ...
 [  0   0   0 ...   2   1   1]
 [  0   0   0 ...  18   2   2]
 [  0   0   0 ...   8  24 150]]","[787.462158203125, 279.3340759277344, 1.649770975112915]","[731.4555053710938, 365.73138427734375, 0.09904702752828598]","[698.4259033203125, 364.29144287109375, 0.3894842863082886]","[737.1997680664062, 503.96710205078125, 0.39891889691352844]","[688.3734130859375, 501.0871887207031, 0.8418611884117126]","[804.695068359375, 596.124267578125, 0.8608394265174866]","[730.0194091796875, 630.6832275390625, 1.164957046508789]","[648.1634521484375, 627.8032836914062, 0.09829200059175491]","[702.7340698242188, 635.0030517578125, 0.15762802958488464]","[626.6223754882812, 790.5181884765625, 0.47848355770111084]","[764.485107421875, 799.1580200195312, 0.4072313904762268]","[511.73675537109375, 961.8729248046875, 0.35740232467651367]","[794.6425170898438, 992.112060546875, 0.35216861963272095]","[714.940673828125, 365.01141357421875]","[675.44873046875, 631.4031982421875]",[130.24620711624524],[98.43254486665431],[87.62049364914473],[53.7811985644784],[94.20284892077377],[72.18506760025815],[97.54127248916892],[123.84006957443657],[69.38494212319937],[81.11692316334623],[148.18633775040908],[265.12424179112395],[146.16070491533367],[91.70658784879548],[157.98221867948436],[90.02529792447555],[206.29879708526767],[241.86911015229902],[191.73198104014685],MARIO
30,"[[ 0  0  0 ...  0  0  0]
 [ 0  0  0 ...  0  0  0]
 [ 0  0  0 ...  0  0  0]
 ...
 [ 0  0  0 ...  3 27 74]
 [ 0  0  0 ...  1  1  2]
 [ 0  0  0 ...  0  0  0]]","[806.4939575195312, 274.8045959472656, 1.3525277376174927]","[744.5858764648438, 362.5758972167969, 0.09154780954122543]","[718.6708984375, 362.5758972167969, 0.46426913142204285]","[758.9830932617188, 515.0964965820312, 0.422751247882843]","[714.3517456054688, 500.707763671875, 0.7372303009033203]","[815.13232421875, 605.7455444335938, 0.8567938208580017]","[748.9051513671875, 627.32861328125, 1.476560115814209]","[674.03955078125, 625.8897705078125, 0.10371258854866028]","[718.6708984375, 628.7675170898438, 0.14121241867542267]","[668.2806396484375, 781.2880859375, 0.49573925137519836]","[782.0186157226562, 792.7991333007812, 0.4446401596069336]","[537.2659301757812, 935.2474975585938, 0.32347720861434937]","[799.2952880859375, 994.241455078125, 0.3269016146659851]","[731.62841796875, 362.5758972167969]","[696.355224609375, 627.32861328125]",[130.46290108251316],[97.58886633012989],[84.60753039202912],[58.225372823404854],[91.7909598346403],[74.73627004115232],[92.12235488364595],[130.39675810726646],[68.88383218277725],[85.09803104512314],[147.12596524761676],[264.6075303920291],[153.61784243137572],[91.7909598346403],[162.945310206512],[88.43321413850923],[218.2744032236205],[245.19453537789968],[196.21419886234588],MARIO
31,"[[ 0  0  0 ...  0  0  0]
 [ 0  0  0 ...  0  0  0]
 [ 0  0  0 ...  0  0  0]
 ...
 [ 0  0  0 ... 10  2  4]
 [ 0  0  0 ...  6 34 83]
 [ 0  0  0 ...  3  4  1]]","[825.968505859375, 272.9519348144531, 3.7331531047821045]","[719.4968872070312, 347.7696838378906, 0.11004644632339478]","[736.7625732421875, 359.2801208496094, 0.3384495973587036]","[774.1715698242188, 517.5484619140625, 0.3352448642253876]","[733.8848876953125, 495.9664306640625, 0.6701776385307312]","[817.335693359375, 608.1930541992188, 0.865287184715271]","[771.2939453125, 628.3363037109375, 0.7075281143188477]","[689.2819213867188, 624.0198974609375, 0.11368174850940704]","[743.95654296875, 632.6527099609375, 0.11733081936836243]","[703.6699829101562, 779.4105834960938, 0.4351840615272522]","[795.7536010742188, 792.35986328125, 0.4782792627811432]","[561.2281494140625, 926.1685791015625, 0.2960319221019745]","[801.5088500976562, 992.353515625, 0.3102511465549469]","[728.1297607421875, 353.52490234375]","[716.6192626953125, 628.3363037109375]",[140.52758086929794],[92.39843649789746],[72.14963251147643],[64.53663846502407],[91.20608188979571],[74.21917435957587],[84.7099059849532],[134.1449527660891],[72.0308136733242],[88.351645188252],[131.87085562859951],[38.45970520782825],[172.38700595354766],[237.51596762280994],[163.01309246978016],[75.73731221498666],[229.43504678113592],[243.05820019642837],[196.3208315149278],MARIO
32,"[[ 0  0  0 ...  0  0  0]
 [ 0  0  0 ...  0  0  0]
 [ 0  0  0 ...  0  0  0]
 ...
 [ 0  0  0 ...  1  1  0]
 [ 0  0  0 ... 77 13  4]
 [ 0  0  0 ...  2 12 90]]","[843.3375244140625, 265.57958984375, 1.9240849018096924]","[738.4363403320312, 341.7876281738281, 0.11731745302677155]","[758.5543823242188, 356.16650390625, 0.3488926887512207]","[794.4794311523438, 512.896240234375, 0.13028521835803986]","[757.1173706054688, 491.32794189453125, 0.5537431836128235]","[821.782470703125, 607.7968139648438, 0.24348294734954834]","[794.4794311523438, 619.2999267578125, 0.6500441431999207]","[718.3182983398438, 622.1757202148438, 0.07964841276407242]","[752.8063354492188, 623.613525390625, 0.10546278953552246]","[738.4363403320312, 781.7811889648438, 0.3741472363471985]","[803.1015014648438, 791.8463745117188, 0.37035632133483887]","[593.2991333007812, 911.1910400390625, 0.3781524896621704]","[801.6644897460938, 991.712646484375, 0.3011561334133148]","[748.495361328125, 348.97705078125]","[735.5623168945312, 622.8946533203125]",[138.6738979223432],[92.7032178866386],[71.86486034948084],[73.94939239290524],[90.6091353109413],[73.72457150030571],[82.81583664121989],[138.27859050438252],[73.35535344774996],[90.41194188036361],[134.0293199642954],[36.31056204350546],[182.08453204342442],[235.05472195123903],[163.11543618936443],[80.42845861427416],[235.46275386316262],[250.96817786719558],[197.05658843261367],MARIO
33,"[[  0   0   0 ...   0   0   0]
 [  0   0   0 ...   0   0   0]
 [  0   0   0 ...   0   0   0]
 ...
 [  0   0   0 ...   1   1   1]
 [  0   0   0 ...  85 165 157]
 [  0   0   0 ...  26  76   4]]","[860.506103515625, 265.2071533203125, 2.5574827194213867]","[759.99072265625, 340.0305480957031, 0.11511585116386414]","[777.221923828125, 347.2251281738281, 0.27964285016059875]","[759.99072265625, 511.2611083984375, 0.05475715175271034]","[781.52978515625, 483.9217529296875, 0.6380262970924377]","[830.3515014648438, 624.9351806640625, 0.05187539383769035]","[824.6077270507812, 617.7406005859375, 0.7175382971763611]","[741.3236083984375, 622.057373046875, 0.0607856884598732]","[767.1703491210938, 623.4962768554688, 0.13426171243190765]","[774.35009765625, 778.898681640625, 0.25066468119621277]","[811.6843872070312, 793.2879028320312, 0.4458632171154022]","[626.448974609375, 899.7673950195312, 0.25807762145996094]","[800.1968383789062, 996.174560546875, 0.25664886832237244]","[768.6063232421875, 343.6278381347656]","[754.2469482421875, 622.77685546875]",[139.52493479094005],[92.94468910322435],[90.0],[58.24375765067011],[88.19497655682525],[72.15599091710686],[78.10880015068277],[140.74339659040146],[75.30945968540402],[93.2406569456821],[133.4197543122843],[67.33789619603395],[148.2437576506701],[245.5328727528592],[163.96101436028164],[74.92225586199973],[242.63459643971873],[252.1232001780037],[197.9311972602781],MARIO
34,"[[ 0  0  0 ...  0  0  0]
 [ 0  0  0 ...  0  0  0]
 [ 0  0  0 ...  2  0  0]
 ...
 [ 0  0  0 ...  6  2  2]
 [ 0  0  0 ...  8 50 72]
 [ 0  0  0 ...  0  1  3]]","[875.361083984375, 260.5384826660156, 2.1192049980163574]","[784.9317016601562, 333.9263916015625, 0.08780785650014877]","[794.9794311523438, 339.6822814941406, 0.25104859471321106]","[780.62548828125, 495.0919494628906, 0.040140360593795776]","[803.5916748046875, 477.82415771484375, 0.4628039598464966]","[853.8302001953125, 618.8440551757812, 0.07497983425855637]","[856.7009887695312, 615.9661254882812, 0.5194354057312012]","[772.0132446289062, 617.4050903320312, 0.059667617082595825]","[784.9317016601562, 618.8440551757812, 0.10325708240270615]","[794.9794311523438, 782.8875122070312, 0.15337277948856354]","[813.639404296875, 790.0824584960938, 0.300056517124176]","[658.61767578125, 896.5668334960938, 0.21617935597896576]","[800.7208862304688, 992.9784545898438, 0.23811408877372742]","[789.95556640625, 336.8043212890625]","[778.4724731445312, 618.1245727539062]",[138.23562717727424],[92.33743477322886],[91.53053274192855],[59.39385330926097],[86.43259943233036],[68.97051489815898],[82.09877611021047],[140.18338968919412],[80.48300370718329],[93.64314126360152],[134.10180759595463],[61.724219119304024],[147.86332056733244],[236.6260237600996],[162.5379154658286],[75.7428973098188],[238.08461357898364],[254.1271249067916],[193.16013755641825],MARIO
35,"[[  0   0   0 ...  49   3   1]
 [  0   0   0 ...  90   3   1]
 [  0   0   0 ...  94 103  76]
 ...
 [  0   0   0 ...   2   2   2]
 [  0   0   0 ...   1   2   1]
 [  0   0   0 ... 147 144 142]]","[890.4723510742188, 259.3531188964844, 1.3884456157684326]","[804.2642211914062, 332.7418212890625, 0.08358846604824066]","[811.4482421875, 337.0588073730469, 0.2404952496290207]","[774.0913696289062, 456.49530029296875, 0.04560383781790733]","[825.8162841796875, 475.2022705078125, 0.5628588795661926]","[874.6675415039062, 598.955810546875, 0.07317543029785156]","[876.1043090820312, 600.394775390625, 0.685382068157196]","[797.0802612304688, 614.7847290039062, 0.04749980941414833]","[805.7010498046875, 619.1017456054688, 0.10093234479427338]","[807.1378173828125, 786.0250244140625, 0.14703038334846497]","[822.942626953125, 791.781005859375, 0.26225796341896057]","[703.6881103515625, 899.7056274414062, 0.205863818526268]","[799.953857421875, 994.6792602539062, 0.2425326257944107]","[807.856201171875, 334.90032958984375]","[801.390625, 616.9432373046875]",[137.55906944126642],[91.31322343111417],[103.70218734120364],[54.77816285152821],[84.06212359583851],[68.11538284718833],[86.638675126237],[132.3022931432206],[84.29806311161761],[96.46415722519434],[133.75415398984774],[72.69950374623596],[131.07597551032458],[233.06022746217556],[164.05325925134983],[60.038261595605974],[225.6636180169836],[237.69797440295252],[192.16609411357672],MARIO
36,"[[0 0 0 ... 0 0 0]
 [0 0 0 ... 0 0 0]
 [0 0 0 ... 3 0 0]
 ...
 [0 0 0 ... 0 0 0]
 [0 0 0 ... 0 0 0]
 [0 0 0 ... 0 0 0]]","[907.513671875, 258.3538513183594, 1.1197502613067627]","[819.915283203125, 327.3910827636719, 0.08196387439966202]","[829.9675903320312, 340.3355712890625, 0.26819634437561035]","[874.48486328125, 505.7372741699219, 0.0327189639210701]","[848.6361083984375, 476.9717712402344, 0.6646218299865723]","[897.46142578125, 586.2807006835938, 0.051206279546022415]","[911.8218383789062, 602.1017456054688, 0.6754769086837769]","[848.6361083984375, 613.60791015625, 0.06741585582494736]","[821.3513793945312, 620.79931640625, 0.13269643485546112]","[877.3568725585938, 760.3121337890625, 0.22709766030311584]","[824.2234497070312, 800.5838012695312, 0.2697812616825104]","[742.3692626953125, 909.8927612304688, 0.24514193832874298]","[801.2468872070312, 990.4361572265625, 0.2466227114200592]","[824.94140625, 333.86334228515625]","[834.9937744140625, 617.20361328125]",[137.5581588616961],[87.96810810378543],[72.98716845666024],[74.07818135577463],[82.21988698570307],[63.20801472291689],[78.92311561943497],[132.06437180930547],[89.0847735769968],[96.90056602123835],[130.40994924208934],[20.818791292520594],[181.0910128991144],[210.05197774658632],[160.98812773721383],[273.6887319661821],[233.1412561898705],[103.85032674962451],[187.8157924442416],MARIO
37,"[[  0   0   0 ...   0   0   0]
 [  0   0   0 ...   0   1   0]
 [  0   0   0 ...   0   0   1]
 ...
 [148   7   2 ...   0   0   0]
 [  6  63 160 ...   0   0   0]
 [ 17 138 148 ...   0   0   0]]","[923.3258666992188, 260.203125, 1.0799903869628906]","[828.714111328125, 326.3973083496094, 0.06590822339057922]","[850.2167358398438, 340.787353515625, 0.1845720261335373]","[817.2460327148438, 464.5416564941406, 0.03043915331363678]","[873.1529541015625, 476.0537109375, 0.4497968554496765]","[857.3843383789062, 550.8818359375, 0.018435822799801826]","[936.2275390625, 595.4910278320312, 0.42572447657585144]","[865.9853515625, 615.6370239257812, 0.06353113055229187]","[833.0146484375, 615.6370239257812, 0.07097775489091873]","[900.3897094726562, 756.6593627929688, 0.2780553102493286]","[833.0146484375, 799.8295288085938, 0.15989618003368378]","[787.1422729492188, 922.144775390625, 0.08579882234334946]","[798.6102905273438, 991.2169799804688, 0.14966237545013428]","[839.4654541015625, 333.59234619140625]","[849.5, 615.6370239257812]",[138.80967918753618],[87.96239824163337],[94.74553837019052],[65.06696216100309],[80.37627128119847],[62.161564066213984],[76.28971602781678],[124.38519665551955],[90.0],[100.19081313640508],[129.1527190540972],[60.95421966858243],[150.32142379081256],[226.58491456295874],[161.7852927850155],[256.2897160278168],[228.09548062770278],[90.0],[190.1908131364051],MARIO
38,"[[  0   0   0 ...   0   0   0]
 [  0   0   0 ...   0   0   0]
 [  0   0   0 ...   0   0   0]
 ...
 [156 144 104 ...   0   0   0]
 [  4   3   2 ...   0   0   0]
 [  2   3   3 ...   0   0   0]]","[939.0471801757812, 259.945068359375, 1.6214773654937744]","[847.376220703125, 324.73602294921875, 0.07947913557291031]","[868.8615112304688, 337.6942138671875, 0.20891039073467255]","[914.697021484375, 494.6322937011719, 0.042546626180410385]","[891.779296875, 474.47509765625, 0.48772695660591125]","[961.9649047851562, 589.6589965820312, 0.02308262139558792]","[970.55908203125, 601.1773681640625, 0.5155606269836426]","[881.7528686523438, 617.01513671875, 0.07416880130767822]","[845.94384765625, 618.4549560546875, 0.08552088588476181]","[921.8588256835938, 756.675537109375, 0.4710870087146759]","[838.7820434570312, 804.18896484375, 0.19308534264564514]","[834.4849853515625, 945.289306640625, 0.12464173138141632]","[797.2435913085938, 989.9230346679688, 0.16562356054782867]","[858.118896484375, 331.2151184082031]","[863.848388671875, 617.7350463867188]",[138.63101879291457],[88.85441833782104],[68.38422698002759],[63.5534739531405],[80.4883809242517],[58.12785342131801],[73.97764365021749],[114.85555859791675],[92.20820068823845],[102.60645433267413],[130.22339954490647],[37.28931431031927],[175.1692469731129],[229.39332428886703],[157.63947249706632],[256.28017232431637],[220.87791494769925],[94.51072152164822],[190.39825364443567],MARIO
39,"[[  0   0   0 ...   0   0   0]
 [  0   0   0 ...   0   0   0]
 [  0   0   0 ...   0   0   0]
 ...
 [  2   2   1 ...   0   0   0]
 [  2  14 104 ...   0   0   0]
 [159  66   2 ...   0   0   0]]","[955.4983520507812, 259.6635437011719, 1.3857324123382568]","[873.3986206054688, 333.0716552734375, 0.07192255556583405]","[882.0406494140625, 338.8291320800781, 0.19170263409614563]","[933.8931274414062, 489.96343994140625, 0.10708751529455185]","[915.1685791015625, 474.13031005859375, 0.5613065958023071]","[897.8844604492188, 613.7496337890625, 0.03185752406716347]","[988.6262817382812, 584.962158203125, 0.42266905307769775]","[897.8844604492188, 612.3102416992188, 0.07929592579603195]","[858.9951782226562, 613.7496337890625, 0.09303832799196243]","[936.7738037109375, 763.4445190429688, 0.28254640102386475]","[846.0320434570312, 796.5501098632812, 0.2121807038784027]","[896.4442138671875, 952.0025634765625, 0.2332836091518402]","[801.3812866210938, 985.108154296875, 0.16633805632591248]","[877.7196044921875, 335.95037841796875]","[878.4398193359375, 613.0299072265625]",[135.55481332184996],[89.85107099707984],[68.91430352295603],[106.21939903688641],[76.24203252171904],[56.4641740252786],[75.56989531713677],[102.07276114876848],[94.0562893977632],[103.32230789707502],[134.29625767522987],[35.24198243546044],[217.3050955139304],[222.5698046038714],[160.22214150355956],[257.68950169378445],[206.50286583163174],[96.17607537518961],[189.26601849931183],MARIO
40,"[[  0   0   0 ...   0   0   0]
 [  0   0   0 ...   0   0   0]
 [  0   0   0 ...   0   0   0]
 ...
 [ 16   2   2 ...   0   0   0]
 [  3   4   1 ...   0   0   0]
 [  3   5 149 ...   0   0   0]]","[971.6246948242188, 267.1075439453125, 2.6578757762908936]","[885.5446166992188, 331.86370849609375, 0.08253104239702225]","[902.7606201171875, 346.25396728515625, 0.2308243215084076]","[950.1046142578125, 485.8394775390625, 0.055211469531059265]","[932.8886108398438, 474.3272705078125, 0.4898587763309479]","[921.4112548828125, 602.400634765625, 0.04207208380103111]","[1014.6646728515625, 590.8883666992188, 0.558823823928833]","[922.845947265625, 611.0347900390625, 0.09674461930990219]","[872.6326293945312, 611.0347900390625, 0.09534429758787155]","[951.539306640625, 766.4495239257812, 0.3696328103542328]","[852.5472412109375, 792.35205078125, 0.285352885723114]","[950.1046142578125, 960.718017578125, 0.3280714750289917]","[802.3339233398438, 989.49853515625, 0.2065984159708023]","[894.152587890625, 339.058837890625]","[897.7392578125, 611.0347900390625]",[137.11597020521748],[89.24445843160359],[67.25234218357086],[103.82929158251073],[76.76240678117595],[54.94755548998755],[79.53958875833668],[90.42312740741977],[96.32115835302628],[104.28944096784706],[132.12848822638608],[27.36116410701959],[216.57694939893986],[216.87142861135592],[158.1851487088116],[259.53958875833666],[190.8835386490831],[96.32115835302628],[187.9682826148208],MARIO
41,"[[  0   0   0 ...   0   0   0]
 [  0   0   0 ...   0   0   0]
 [  0   0   0 ...   0   0   0]
 ...
 [  6   1   2 ...   0   0   0]
 [  0   2   1 ...   0   0   0]
 [  1  13 161 ...   0   0   0]]","[990.5643920898438, 271.55169677734375, 2.0141305923461914]","[898.4534912109375, 334.85516357421875, 0.07767648994922638]","[918.6027221679688, 347.8036193847656, 0.2180795967578888]","[968.9758911132812, 494.5525817871094, 0.04885387048125267]","[953.144287109375, 480.1654052734375, 0.6647529602050781]","[935.87353515625, 599.5787353515625, 0.04372302070260048]","[1035.1805419921875, 589.5077514648438, 0.6300480365753174]","[935.87353515625, 618.2820434570312, 0.12334062159061432]","[892.696533203125, 619.7207641601562, 0.10938267409801483]","[967.53662109375, 783.7342529296875, 0.39845675230026245]","[859.5942993164062, 796.6826782226562, 0.2645386755466461]","[1003.5174560546875, 967.8898315429688, 0.42240428924560547]","[803.4642333984375, 986.5931396484375, 0.23673231899738312]","[908.528076171875, 341.32940673828125]","[914.2850341796875, 619.0014038085938]",[139.6164760471103],[88.81225996903034],[66.17374082186103],[107.49391476076391],[75.37409913470242],[53.12021204407151],[79.16612581255563],[78.94466242529968],[100.59521750177399],[106.46560771592947],[129.19578392192005],[33.44767335705756],[221.32017393890285],[222.6483123721586],[157.7461129093691],[261.07459865491614],[179.77853661274406],[102.50369034413454],[185.8703902141555],MARIO
42,"[[  0   0   0 ...   0   0   0]
 [  0   0   0 ...   0   0   0]
 [  0   0   0 ...   0   0   0]
 ...
 [  2  27 133 ...   0   0   0]
 [ 63 157   3 ...   0   0   0]
 [  7   1   1 ...   0   0   0]]","[1007.9451293945312, 275.92059326171875, 1.2040971517562866]","[913.113037109375, 343.5921325683594, 0.10964707285165787]","[936.1027221679688, 353.6708679199219, 0.21051117777824402]","[914.5498657226562, 487.5741271972656, 0.06954775005578995]","[973.4607543945312, 484.6944885253906, 0.6332567930221558]","[1048.177001953125, 581.1624755859375, 0.0613463930785656]","[1061.108642578125, 595.5606689453125, 0.596961259841919]","[950.4711303710938, 625.796875, 0.11869348585605621]","[911.6762084960938, 627.2366943359375, 0.12795662879943848]","[979.2081909179688, 792.8159790039062, 0.41323086619377136]","[864.2601928710938, 798.5753173828125, 0.33337604999542236]","[1045.30322265625, 967.0342407226562, 0.4431745409965515]","[801.0386962890625, 992.9510498046875, 0.24804569780826569]","[924.60791015625, 348.6315002441406]","[931.0736694335938, 626.5167846679688]",[138.89562102869937],[88.66709787750034],[89.42825154596554],[35.00621993039238],[74.08585572716238],[51.671030267448764],[80.23736192526468],[69.22422549445854],[105.4688223148413],[108.01732665736665],[129.771476848801],[65.75554222579197],[125.57796838442685],[230.41303453412561],[157.5851745402864],[262.3628392169843],[168.98686356919384],[107.59429960656094],[182.54850434252538],MARIO
43,"[[  0   0   0 ...   0   0   0]
 [  0   0   0 ...   0   0   0]
 [  0   0   0 ...   0   0   0]
 ...
 [163  25   2 ...   0   0   0]
 [  8   1   1 ...   0   0   0]
 [  6   2  14 ...   0   0   0]]","[1024.0692138671875, 281.5482177734375, 2.4899637699127197]","[933.5031127929688, 344.8788146972656, 0.09447222948074341]","[956.5040283203125, 354.95416259765625, 0.26952865719795227]","[920.565185546875, 487.3726806640625, 0.04985346645116806]","[989.5678100585938, 487.3726806640625, 1.1173261404037476]","[969.4420776367188, 606.8372192382812, 0.05624194070696831]","[1081.5714111328125, 605.39794921875, 0.7099514007568359]","[960.8167114257812, 621.2305908203125, 0.11682729423046112]","[932.0655517578125, 625.548583984375, 0.1415763646364212]","[989.5678100585938, 788.193115234375, 0.3962588906288147]","[871.688232421875, 799.707763671875, 0.3139403164386749]","[1071.508544921875, 965.23095703125, 0.4523307681083679]","[801.248046875, 991.138916015625, 0.26549622416496277]","[945.0035400390625, 349.91650390625]","[946.441162109375, 623.3895874023438]",[139.14994604730498],[89.69880429415613],[95.18802393413743],[67.74890759221964],[75.98039237924691],[52.062707882961334],[80.22943857985814],[65.16326893579125],[109.12035395629623],[110.20190738714633],[130.54885824685115],[71.53250647380912],[152.5608836580822],[232.32511423776933],[156.08231550371443],[268.7705887322008],[164.9338303559331],[117.66146837995643],[181.0815534308501],MARIO
44,"[[  0   0   0 ...   0   0   0]
 [  0   0   0 ...   0   0   0]
 [  0   0   0 ...   0   0   0]
 ...
 [184   2   3 ...   0   0   0]
 [  3   4   4 ...   0   0   0]
 [  4   1   4 ...   0   0   0]]","[1046.4169921875, 282.87982177734375, 2.3785316944122314]","[945.7025146484375, 349.1009521484375, 0.1193763017654419]","[971.6004638671875, 359.1780700683594, 0.2967446744441986]","[957.2127075195312, 506.0162353515625, 0.037268612533807755]","[1009.0087890625, 490.1807556152344, 0.8396813273429871]","[988.8659057617188, 621.1834716796875, 0.050876375287771225]","[1093.8968505859375, 606.7875366210938, 0.8938532471656799]","[978.7943725585938, 622.6229858398438, 0.10331203788518906]","[948.580078125, 626.9417724609375, 0.13764764368534088]","[1011.8863525390625, 801.1322021484375, 0.3324067294597626]","[888.1513061523438, 798.2529907226562, 0.3278067708015442]","[1078.0701904296875, 976.7621459960938, 0.5403515100479126]","[804.7020263671875, 988.2788696289062, 0.29978805780410767]","[958.6514892578125, 354.1395263671875]","[963.687255859375, 624.7823486328125]",[140.92571638541995],[88.93403830044153],[85.80470147100351],[74.63197815870944],[74.06310138253835],[53.945919784114515],[79.49774955743801],[69.35174117015357],[109.42991910248593],[113.7085317353805],[128.00832191502158],[64.5431972727432],[168.82727668770593],[232.80171446023402],[159.88281840157617],[267.6323241339426],[169.85399161271556],[117.56468810232336],[184.27861263289458],MARIO
45,"[[  0   0   0 ...   0   0   0]
 [  0   0   0 ...   0   0   0]
 [  0   0   0 ...   0   0   0]
 ...
 [176  22   1 ...   1   0   0]
 [  2   2   1 ...   1   0   0]
 [110 169 167 ...   0   0   0]]","[1057.969970703125, 288.3973693847656, 1.8059980869293213]","[966.0075073242188, 348.78936767578125, 0.1802874356508255]","[997.6195678710938, 364.6063232421875, 0.3223991096019745]","[961.69677734375, 495.4556579589844, 0.049412306398153305]","[1022.047119140625, 488.26611328125, 0.8592987656593323]","[1006.2410278320312, 624.8670654296875, 0.08911511301994324]","[1106.824951171875, 606.17431640625, 0.9365057349205017]","[1001.9303588867188, 624.8670654296875, 0.12167099863290787]","[971.755126953125, 633.4945068359375, 0.18459202349185944]","[1030.6685791015625, 798.8535766601562, 0.41147688031196594]","[905.6571655273438, 800.2914428710938, 0.3313872516155243]","[1086.7081298828125, 978.5916748046875, 0.4927675127983093]","[810.8209228515625, 982.9053344726562, 0.2874530851840973]","[981.8135375976562, 356.6978454589844]","[986.8427734375, 629.1807861328125]",[138.11283300260175],[88.94260803040095],[91.68351944146717],[71.00620285202564],[78.8257487894461],[54.283277468896834],[80.62085473012421],[72.68333150678184],[111.61733498927715],[117.44405035828497],[130.82977502779917],[65.10262907829613],[159.32268341055848],[232.24485842627507],[155.45752867945075],[276.5767197117764],[172.06247677665763],[127.57313870931233],[185.82671536900781],MARIO
46,"[[0 0 0 ... 0 0 0]
 [0 0 0 ... 0 0 0]
 [0 0 0 ... 0 0 0]
 ...
 [1 1 4 ... 3 3 1]
 [0 0 0 ... 0 0 0]
 [0 0 0 ... 0 0 0]]","[1076.6214599609375, 291.8959045410156, 0.9193986654281616]","[981.7092895507812, 355.1831970214844, 0.162445530295372]","[1016.2228393554688, 371.0049743652344, 0.2986219525337219]","[975.9570922851562, 491.82611083984375, 0.07263019680976868]","[1039.2318115234375, 496.1412048339844, 1.3326914310455322]","[1023.4130859375, 616.9623413085938, 0.09095321595668793]","[1118.3251953125, 615.52392578125, 0.786105215549469]","[1020.5369262695312, 619.8389892578125, 0.14676809310913086]","[990.337646484375, 634.2224731445312, 0.16285382211208344]","[1047.8602294921875, 799.6323852539062, 0.4651605784893036]","[928.5009765625, 801.0706787109375, 0.4467640519142151]","[1093.878173828125, 975.1106567382812, 0.4211873412132263]","[823.5224609375, 966.4805908203125, 0.2419283241033554]","[998.966064453125, 363.0940856933594]","[1005.437255859375, 627.03076171875]",[137.4839129179741],[88.59550520141883],[92.41053224487372],[69.23153726675697],[79.58131934587045],[56.474749221489446],[81.35884607711913],[75.30547397363102],[110.33552844494929],[122.40152934283411],[131.11159228344474],[67.7827599578218],[156.82100502188328],[234.95354705881851],[156.893429875619],[286.826685945843],[173.94662789651193],[135.80326944930403],[192.06600089788483],MARIO
47,"[[0 0 0 ... 0 0 0]
 [0 0 0 ... 0 0 0]
 [0 0 0 ... 0 0 0]
 ...
 [0 0 0 ... 0 0 0]
 [0 0 0 ... 0 0 0]
 [0 0 0 ... 0 0 0]]","[1096.166259765625, 289.2698059082031, 2.153045892715454]","[998.2376708984375, 358.3377685546875, 0.1564023792743683]","[1029.92041015625, 365.5323486328125, 0.4198274612426758]","[1012.638916015625, 516.6184692382812, 0.053085580468177795]","[1052.9625244140625, 492.15692138671875, 0.7563705444335938]","[1045.7618408203125, 625.97607421875, 0.06125674024224281]","[1122.0885009765625, 610.1480102539062, 1.1082713603973389]","[1035.680908203125, 625.97607421875, 0.10655605792999268]","[1012.638916015625, 630.2928466796875, 0.17833100259304047]","[1068.8038330078125, 794.3292846679688, 0.5232207179069519]","[963.6746215820312, 795.7681884765625, 0.3514152765274048]","[1099.04638671875, 977.0715942382812, 0.45644646883010864]","[834.0633544921875, 961.2434692382812, 0.2604495584964752]","[1014.0790405273438, 361.93505859375]","[1024.159912109375, 628.1344604492188]",[138.48410175748214],[87.83126663997002],[84.80123037177184],[73.14915623721674],[79.68662812260474],[59.63577090098078],[78.86941477536848],[80.60312479974515],[106.48353037274805],[128.0704136476319],[129.3471648824879],[72.00735538531121],[168.34792586544492],[246.89275313614417],[159.94914277837606],[269.4804195544824],[181.73371002437665],[117.09453515186193],[201.58688327488383],MARIO
48,"[[0 0 0 ... 0 0 0]
 [0 0 0 ... 0 0 0]
 [0 0 0 ... 0 0 0]
 ...
 [0 0 0 ... 0 0 0]
 [0 0 0 ... 0 0 0]
 [0 0 0 ... 0 0 0]]","[1110.645751953125, 285.5906066894531, 1.0885775089263916]","[1020.09765625, 354.6556091308594, 0.15558628737926483]","[1048.843017578125, 361.8498840332031, 0.2839541733264923]","[1084.77490234375, 521.5626220703125, 0.061220332980155945]","[1066.09033203125, 491.3466796875, 0.9593223333358765]","[1129.3302001953125, 616.5269775390625, 0.05106313154101372]","[1130.7674560546875, 615.088134765625, 1.119889497756958]","[1057.466796875, 629.4766235351562, 0.13930317759513855]","[1028.7213134765625, 632.3543701171875, 0.15979251265525818]","[1084.77490234375, 794.94482421875, 0.544202983379364]","[998.53857421875, 794.94482421875, 0.4707723557949066]","[1100.5848388671875, 976.2404174804688, 0.44286707043647766]","[851.93701171875, 946.0244750976562, 0.26087918877601624]","[1034.4703369140625, 358.25274658203125]","[1043.093994140625, 630.91552734375]",[136.35220216711895],[88.18847841654615],[68.81841812248581],[64.86500830205948],[82.41358387013089],[62.40485315572951],[80.62864215932058],[85.01611262669238],[100.51648164490216],[134.13815114546117],[131.83627624942721],[54.767290604598166],[176.04659017957368],[248.3624563522433],[159.99126928559863],[266.345643210194],[184.38747046737177],[106.2332900314549],[213.621669500559],MARIO
49,"[[ 0  0  0 ...  0  0  0]
 [ 0  0  0 ...  0  0  0]
 [ 0  0  0 ...  0  0  0]
 ...
 [ 0  0  0 ... 93 94 94]
 [ 0  0  0 ...  3  2  3]
 [ 0  0  0 ...  0  0  0]]","[1127.7694091796875, 283.6299743652344, 1.4875531196594238]","[1032.8358154296875, 354.1397705078125, 0.16276784241199493]","[1064.4803466796875, 361.33465576171875, 0.27998965978622437]","[1031.3974609375, 493.7204284667969, 0.051265373826026917]","[1080.3026123046875, 489.40350341796875, 0.6890408396720886]","[1075.9874267578125, 626.1061401367188, 0.042838361114263535]","[1140.71484375, 621.7891845703125, 0.5783014893531799]","[1064.4803466796875, 624.6671752929688, 0.07846198976039886]","[1045.7813720703125, 626.1061401367188, 0.12205423414707184]","[1096.1248779296875, 797.34423828125, 0.2480689436197281]","[1044.3428955078125, 790.1492919921875, 0.31687894463539124]","[1100.4400634765625, 978.6550903320312, 0.27723419666290283]","[891.8739013671875, 921.0960693359375, 0.1849084496498108]","[1048.6580810546875, 357.7372131347656]","[1055.130859375, 625.3866577148438]",[136.87060438715133],[88.61464085984126],[90.59040218146616],[71.38551916842404],[82.95708118181601],[65.47112204871077],[79.61529311163251],[88.63662185456963],[90.50240758386106],[139.34263057899327],[131.74403647268994],[77.781063585273],[160.79511698695788],[250.14774258562286],[162.51404086689473],[264.01577183918386],[189.02132874293713],[94.9028863114124],[228.84022299513222],MARIO
50,"[[  0   0   0 ...   0   0   0]
 [  0   0   0 ...   0   0   0]
 [  0   0   0 ...   0   0   0]
 ...
 [  0   0   0 ...   0   1   7]
 [  0   0   0 ...   1   1  57]
 [  0   0   0 ...   8  14 136]]","[1142.485595703125, 287.3093566894531, 1.2383252382278442]","[1053.40380859375, 349.14544677734375, 0.13848300278186798]","[1079.2662353515625, 360.64984130859375, 0.2624291479587555]","[1069.2086181640625, 511.64501953125, 0.049553267657756805]","[1096.5078125, 485.7601318359375, 0.6002205610275269]","[1136.73828125, 606.5562744140625, 0.05497157573699951]","[1141.048828125, 607.9942626953125, 0.4995235502719879]","[1072.082275390625, 622.374755859375, 0.06805064529180527]","[1062.0245361328125, 620.936767578125, 0.10507521778345108]","[1102.2550048828125, 790.62646484375, 0.1849651336669922]","[1083.57666015625, 787.7504272460938, 0.2448534071445465]","[1100.818359375, 976.1348266601562, 0.28182560205459595]","[918.3442993164062, 915.7367553710938, 0.1901736706495285]","[1066.3349609375, 354.89764404296875]","[1067.053466796875, 621.65576171875]",[138.4090093563563],[89.84567572262426],[84.44484941392055],[54.56802667240352],[82.1534345724835],[69.97871553336306],[79.83316438586318],[90.44371088133829],[82.63823516973122],[142.23921300091845],[131.43666636626796],[60.46379499293847],[150.12317725848297],[238.1725810037617],[167.82528096087958],[251.6964418887911],[190.6105464954751],[74.5017075355899],[239.60097783118727],MARIO
51,"[[  0   0   0 ...   0   0   0]
 [  0   0   0 ...   0   0   0]
 [  0   0   0 ...   0   0   0]
 ...
 [  0   0   0 ...   1   2   2]
 [  0   0   0 ... 166 164 161]
 [  0   0   0 ... 152   7   1]]","[1159.6656494140625, 282.2283935546875, 2.0445237159729004]","[1073.470703125, 348.4377746582031, 0.10025355219841003]","[1095.01953125, 357.07379150390625, 0.2437041848897934]","[1083.52685546875, 508.20391845703125, 0.05692904070019722]","[1112.2584228515625, 486.6139221191406, 0.6015412211418152]","[1149.6094970703125, 604.6393432617188, 0.10203991085290909]","[1152.482666015625, 607.51806640625, 0.65285325050354]","[1084.96337890625, 620.4720458984375, 0.05242316052317619]","[1077.7803955078125, 619.0326538085938, 0.07371271401643753]","[1105.075439453125, 794.6314697265625, 0.15210577845573425]","[1112.2584228515625, 791.7528686523438, 0.25776782631874084]","[1100.765869140625, 971.6697387695312, 0.2650759816169739]","[957.107666015625, 906.8995971679688, 0.18251556158065796]","[1084.2451171875, 352.75579833984375]","[1081.371826171875, 619.7523193359375]",[136.92020925433232],[90.6165664374149],[86.39838593024132],[55.57900058548765],[82.41975278375932],[71.59795731443657],[83.41261977511562],[91.39445238177288],[78.71112589665962],[143.4186629790836],[133.6963571830826],[64.55912922169958],[149.18061465524633],[240.5806359024462],[169.17820453067725],[252.08096818516145],[187.98183260665726],[67.38003524736979],[244.707537082424],MARIO
52,"[[  0   0   0 ...   2   0   0]
 [  0   0   0 ...   1   1   1]
 [  0   0   0 ...   1   1   0]
 ...
 [  0   0   0 ...   1   2   2]
 [  0   0   0 ... 137 144 150]
 [  0   0   0 ... 113   2   2]]","[1173.7987060546875, 280.9051818847656, 0.6745099425315857]","[1080.379638671875, 348.5639953613281, 0.09568417072296143]","[1110.5611572265625, 358.6408386230469, 0.1853482723236084]","[1087.5657958984375, 492.5189514160156, 0.036906108260154724]","[1126.3704833984375, 488.2002868652344, 0.44062110781669617]","[1163.7381591796875, 606.2433471679688, 0.05080445855855942]","[1163.7381591796875, 609.1224365234375, 0.7463169097900391]","[1063.1331787109375, 609.1224365234375, 0.061760060489177704]","[1104.8123779296875, 610.56201171875, 0.08254672586917877]","[1107.686767578125, 789.0660400390625, 0.24338777363300323]","[1147.9288330078125, 784.7474975585938, 0.29825717210769653]","[1100.500732421875, 973.3284301757812, 0.25370004773139954]","[991.2724609375, 904.2300415039062, 0.20032067596912384]","[1095.470458984375, 353.6024169921875]","[1083.9727783203125, 609.8422241210938]",[137.13529421145859],[92.56918313442267],[87.14219647490744],[56.185906802779215],[83.04294932199986],[72.82766953158973],[76.09338470922849],[92.2333420320452],[76.09692985235466],[142.66706547469056],[135.4338889229641],[68.67940931783711],[149.0437103278718],[244.58002294340568],[169.78472020958986],[74.1152083382778],[196.13995732281674],[254.11875348140399],[246.5701356223359],MARIO
53,"[[  0   0   0 ...  58  17 102]
 [  0   0   0 ...  47   3  25]
 [  0   0   0 ...  49   6  11]
 ...
 [  0   0   0 ...   0   0   0]
 [  0   0   0 ...   2   1   1]
 [  0   0   0 ... 171 138  65]]","[1187.0211181640625, 279.9451904296875, 1.2006595134735107]","[1089.564697265625, 341.8578796386719, 0.0963783785700798]","[1121.0946044921875, 354.8163757324219, 0.2052464485168457]","[1116.7950439453125, 504.5587463378906, 0.04045579954981804]","[1138.2928466796875, 478.6418151855469, 0.4203944206237793]","[1178.4219970703125, 609.6663818359375, 0.026941541582345963]","[1178.4219970703125, 608.2265625, 0.6836349368095398]","[1075.2327880859375, 612.5460205078125, 0.05965593829751015]","[1118.2283935546875, 612.5460205078125, 0.08639463782310486]","[1108.196044921875, 785.3258056640625, 0.26096129417419434]","[1175.5556640625, 776.686767578125, 0.25105494260787964]","[1103.896484375, 968.1842041015625, 0.20734699070453644]","[1040.8365478515625, 912.0308837890625, 0.13012388348579407]","[1105.32958984375, 348.3371276855469]","[1096.7305908203125, 612.5460205078125]",[140.0640169032702],[91.86410266880138],[80.49878077892298],[59.61595214566164],[82.09271723189086],[72.79355641574944],[79.19880009864453],[91.3469509277076],[70.74789822012687],[134.8674021711734],[131.80008576553118],[58.15650025286465],[159.11717136673866],[239.75059269326326],[170.70083918385862],[79.19880009864453],[192.14815082906307],[250.74789822012687],[244.11950395104654],MARIO
54,"[[  0   0   0 ...   7  23 105]
 [  0   0   0 ...  50 168 156]
 [  0   0   0 ... 137 160  49]
 ...
 [  0   0   0 ...   0   0   0]
 [  0   0   0 ...   0   0   0]
 [  0   0   0 ...   0   0   0]]","[1205.2384033203125, 279.7916564941406, 1.113691806793213]","[1099.16650390625, 348.90924072265625, 0.08043044805526733]","[1139.3017578125, 354.66900634765625, 0.22112521529197693]","[1091.99951171875, 484.2644348144531, 0.04555055499076843]","[1150.76904296875, 482.8244323730469, 0.38883835077285767]","[1202.3714599609375, 618.1796875, 0.016753723844885826]","[1198.0712890625, 613.85986328125, 0.3910333216190338]","[1076.2320556640625, 602.3402099609375, 0.04503379017114639]","[1136.4349365234375, 618.1796875, 0.0503770150244236]","[1117.80078125, 776.5740966796875, 0.2193821221590042]","[1200.9381103515625, 765.0545043945312, 0.18601560592651367]","[1087.6993408203125, 1021.3654174804688, 0.024491574615240097]","[1106.33349609375, 909.0494384765625, 0.1737286001443863]","[1119.234130859375, 351.78912353515625]","[1106.33349609375, 610.2599487304688]",[140.06600999449083],[92.85734013495981],[93.03095340272489],[50.5049085489432],[84.8868188866592],[70.15101509788838],[76.58121885031426],[97.01034041984447],[66.29030728141035],[123.30489797533274],[132.791330140469],[84.86425903699448],[137.47395514621834],[256.7201245209288],[165.26419621122918],[61.84066970218062],[200.4291215695302],[231.54975813327675],[237.01459069392237],MARIO
55,"[[  0   0   0 ... 107  58   6]
 [  0   0   0 ... 102 105  62]
 [  0   0   0 ...  95 105 109]
 ...
 [  2   0   0 ...   0   0   0]
 [  0   1   1 ...   0   0   0]
 [  1   1   1 ...   0   0   0]]","[1222.93896484375, 279.0335693359375, 1.085506558418274]","[1110.8494873046875, 348.125732421875, 0.0881294310092926]","[1159.708984375, 353.8833923339844, 0.18267199397087097]","[1133.84228515625, 490.6283264160156, 0.025120915845036507]","[1166.8941650390625, 477.67352294921875, 0.34993410110473633]","[1141.0274658203125, 605.7819213867188, 0.010258224792778492]","[1212.8797607421875, 607.2213745117188, 0.6335123777389526]","[1084.982666015625, 604.342529296875, 0.045471031218767166]","[1145.338623046875, 610.1001586914062, 0.05087532103061676]","[1122.345947265625, 782.83056640625, 0.1567487269639969]","[1227.2501220703125, 759.7998657226562, 0.2295672595500946]","[1093.60498046875, 967.076416015625, 0.08462841063737869]","[1141.0274658203125, 936.8485107421875, 0.18539373576641083]","[1135.279296875, 351.00457763671875]","[1115.16064453125, 607.2213134765625]",[140.61305934484866],[94.48976719956633],[80.83431872744275],[86.42957301138799],[86.67809430665397],[70.45666621357707],[78.17687559002766],[98.86625535101524],[61.31375269951087],[115.96607327739453],[133.8767078547177],[74.1134940385475],[185.59525428394522],[259.9573069359466],[163.77857190692308],[72.72771745610486],[200.6893797609876],[235.86447972952632],[234.65232057788364],MARIO
56,"[[ 0  0  0 ...  0  0  0]
 [ 0  0  0 ...  0  0  0]
 [ 0  0  0 ...  0  0  0]
 ...
 [ 2  6  1 ...  0  0  0]
 [61  6  8 ...  0  0  0]
 [74 75 66 ...  2  1  4]]","[1234.9993896484375, 282.25897216796875, 1.539463996887207]","[1124.5816650390625, 352.7550964355469, 0.1096547394990921]","[1171.903564453125, 355.6324768066406, 0.21729843318462372]","[1105.939697265625, 490.8699645996094, 0.03342807665467262]","[1181.9415283203125, 483.67645263671875, 0.4136277139186859]","[1240.7354736328125, 604.5269775390625, 0.07133198529481888]","[1229.263427734375, 604.5269775390625, 0.5930289626121521]","[1110.24169921875, 620.3526000976562, 0.05476466566324234]","[1173.3375244140625, 623.22998046875, 0.07413501292467117]","[1124.5816650390625, 784.3638916015625, 0.1784588247537613]","[1245.0374755859375, 765.6609497070312, 0.2982104420661926]","[1098.7696533203125, 971.3944702148438, 0.19269844889640808]","[1183.37548828125, 957.0075073242188, 0.17102675139904022]","[1148.24267578125, 354.19378662109375]","[1141.78955078125, 621.791259765625]",[140.33598520189446],[91.38142253789697],[97.68700574391139],[40.136894721553396],[85.517484647122],[68.61599044925804],[85.00317666396363],[97.85772959677931],[63.279251754516366],[107.86168757315066],[131.0454373360025],[94.20746234390992],[122.449888977642],[262.03792333970455],[163.09850580213603],[82.39215706049835],[192.85455293281566],[240.6681316212227],[224.58243581863428],MARIO
57,"[[ 0  0  0 ...  0  0  0]
 [ 0  0  0 ...  0  0  0]
 [ 0  0  0 ...  0  0  0]
 ...
 [ 9 13  3 ...  0  0  0]
 [11 85 66 ...  0  0  0]
 [42  5  2 ...  0  0  0]]","[1253.1746826171875, 283.35394287109375, 1.2883508205413818]","[1143.9515380859375, 353.8111267089844, 0.10348378121852875]","[1189.940185546875, 361.0006408691406, 0.2310945987701416]","[1189.940185546875, 497.601318359375, 0.027866486459970474]","[1198.5631103515625, 483.2223205566406, 0.43909773230552673]","[1256.0489501953125, 591.06494140625, 0.23285730183124542]","[1247.426025390625, 608.3197631835938, 0.3361864686012268]","[1128.142822265625, 614.0714111328125, 0.07152391970157623]","[1191.3773193359375, 625.5745849609375, 0.08309627324342728]","[1129.5799560546875, 789.4954833984375, 0.32464486360549927]","[1261.7974853515625, 772.2406616210938, 0.30281132459640503]","[1099.3997802734375, 969.2332153320312, 0.257572203874588]","[1243.1146240234375, 977.860595703125, 0.21864646673202515]","[1166.94580078125, 357.4058837890625]","[1159.760009765625, 619.822998046875]",[139.34455993808388],[91.56854342014773],[72.26408102464359],[54.72743621566613],[85.96438280722894],[68.66444152048764],[89.53062394679513],[99.5317487195744],[64.35250185846635],[95.19170395083694],[132.22398348206386],[63.37879185535632],[162.46335519102257],[257.07914005466796],[162.7000587132587],[79.22050209320741],[190.00112477277926],[234.0424189571777],[210.8392020923706],MARIO
58,"[[  0   0   0 ...   0   0   0]
 [  0   0   0 ...   0   0   0]
 [  0   0   0 ...   0   0   0]
 ...
 [  0  12  74 ...   0   0   0]
 [  0  65  25 ...   0   0   0]
 [ 52  67  12 ... 171 130 124]]","[1267.6337890625, 283.7506408691406, 1.9383262395858765]","[1155.6209716796875, 355.63372802734375, 0.15272213518619537]","[1203.010986328125, 362.8220520019531, 0.26515790820121765]","[1194.3946533203125, 520.96484375, 0.08551082760095596]","[1218.8077392578125, 492.21160888671875, 0.6041911244392395]","[1274.8140869140625, 589.9725952148438, 0.27216771245002747]","[1271.94189453125, 625.9141235351562, 0.4328652322292328]","[1136.9522705078125, 611.5374755859375, 0.08551740646362305]","[1201.574951171875, 614.412841796875, 0.10920855402946472]","[1138.3883056640625, 789.8074951171875, 0.391638845205307]","[1271.94189453125, 779.7439575195312, 0.28493186831474304]","[1101.05078125, 969.5151977539062, 0.32899802923202515]","[1296.35498046875, 986.7672729492188, 0.28157880902290344]","[1179.31591796875, 359.2279052734375]","[1169.263671875, 612.9751586914062]",[139.4824954798976],[92.26859703560247],[76.80143923601172],[40.63282598700961],[83.03939005877889],[68.32683994469049],[89.53846993286278],[101.73724602195377],[66.94480343156492],[83.27449406200552],[132.78610155570485],[68.17625605784126],[143.83138675099792],[254.41432278013738],[165.2874498859116],[86.99079712273016],[192.19877608909098],[244.3971210091403],[196.32969063044058],MARIO
59,"[[  0   0   0 ...   0   0   0]
 [  0   0   0 ...   0   0   0]
 [  0   0   0 ...   0   0   0]
 ...
 [  1   3   6 ...  21 145  15]
 [  1   5  81 ...  87   6   4]
 [  4  59  10 ... 153 139  97]]","[1286.388427734375, 288.6557922363281, 1.1838876008987427]","[1168.609130859375, 366.33197021484375, 0.14775264263153076]","[1224.6260986328125, 367.7704162597656, 0.3513435125350952]","[1205.9537353515625, 521.6843872070312, 0.11793024092912674]","[1234.680419921875, 491.4769287109375, 0.8137322068214417]","[1290.697509765625, 589.2914428710938, 0.28510573506355286]","[1283.515869140625, 610.8681030273438, 0.38526245951652527]","[1152.8094482421875, 622.375732421875, 0.10923579335212708]","[1220.317138671875, 623.8141479492188, 0.16798241436481476]","[1142.755126953125, 790.6741333007812, 0.39867103099823]","[1284.9521484375, 793.551025390625, 0.26789620518684387]","[1103.9742431640625, 970.4801635742188, 0.3845615088939667]","[1349.587158203125, 986.3031005859375, 0.31988325715065]","[1196.61767578125, 367.05120849609375]","[1186.563232421875, 623.094970703125]",[138.86978774218215],[92.24876143293514],[76.48333653702001],[38.58223442433495],[85.35346430239996],[67.753605301609],[93.41884597039551],[102.1712118727525],[69.1534004871763],[71.46229766367105],[133.37897369075299],[75.01234746762921],[142.09889788731496],[263.882531212277],[162.40014099920907],[92.19815075967978],[188.75236590235698],[247.93281324723668],[182.30889717649472],MARIO
60,"[[  0   0   0 ...   0   0   0]
 [  0   0   0 ...   0   0   0]
 [  0   0   0 ...   0   0   0]
 ...
 [ 25   2   1 ...  82  59 157]
 [  2   1   0 ... 146  19   0]
 [ 34  28  24 ...   1   1   1]]","[1305.06298828125, 294.9720764160156, 2.0782690048217773]","[1191.4898681640625, 365.4689636230469, 0.17632828652858734]","[1243.2447509765625, 372.6625061035156, 0.35948264598846436]","[1215.9296875, 520.8497924804688, 0.0858026072382927]","[1253.30810546875, 493.5143127441406, 0.716635525226593]","[1306.5006103515625, 592.785400390625, 0.26594725251197815]","[1309.3759765625, 622.998291015625, 0.4835662841796875]","[1169.92529296875, 622.998291015625, 0.09381840378046036]","[1233.1812744140625, 622.998291015625, 0.15883074700832367]","[1152.6737060546875, 794.2050170898438, 0.36432069540023804]","[1300.7501220703125, 810.0308227539062, 0.30903905630111694]","[1105.2318115234375, 969.727783203125, 0.37721946835517883]","[1385.570556640625, 985.5536499023438, 0.34324178099632263]","[1217.3673095703125, 369.06573486328125]","[1201.55322265625, 622.998291015625]",[139.80569331669508],[93.56359102310856],[81.06119382903724],[38.45822462771481],[85.23995047460656],[66.58690082658627],[95.75396764779117],[105.12501395723382],[70.13683961843492],[64.20810122469616],[133.7578977064135],[73.14820497977219],[137.3970307986776],[257.32696162534154],[161.3469503519797],[95.75396764779117],[189.37104630944265],[250.13683961843492],[174.07126160626123],MARIO
61,"[[  0   0   0 ...   0   0   0]
 [  0   0   0 ...   0   0   0]
 [  0   0   0 ...   0   0   0]
 ...
 [ 74   6   1 ...   3   1  22]
 [ 67  17  43 ... 162 158  64]
 [  0   1   5 ...   3   1   0]]","[1325.6417236328125, 295.87945556640625, 1.5873627662658691]","[1214.9000244140625, 362.0546875, 0.2110428661108017]","[1262.3607177734375, 373.5633850097656, 0.3710181713104248]","[1233.5966796875, 528.9313354492188, 0.11200959235429764]","[1275.3045654296875, 503.0366516113281, 1.0490467548370361]","[1324.2034912109375, 592.2293701171875, 0.3630940318107605]","[1332.832763671875, 632.5099487304688, 0.27544376254081726]","[1183.259521484375, 618.1240234375, 0.12095767259597778]","[1249.4168701171875, 623.87841796875, 0.18299292027950287]","[1163.1246337890625, 795.0708618164062, 0.4772333800792694]","[1321.3271484375, 808.0181884765625, 0.3387777805328369]","[1105.596435546875, 969.1404418945312, 0.44125106930732727]","[1404.742919921875, 986.403564453125, 0.37391453981399536]","[1238.63037109375, 367.80902099609375]","[1216.338134765625, 621.001220703125]",[140.42052461354095],[95.03161614911014],[83.60731055324693],[34.93819917596409],[84.29093118628079],[66.04323514426392],[96.4917982259328],[108.28818707366221],[68.66835641388847],[64.93847942692322],[134.6110915355692],[69.97684451683922],[131.33088862271717],[250.66039555867704],[161.75230395798314],[91.52068889831976],[191.79638884772942],[243.69726533921462],[176.27012301303475],MARIO
62,"[[  0   0   0 ...   0   0   0]
 [  0   0   0 ...   0   0   0]
 [  0   0   0 ...   0   0   0]
 ...
 [ 35  49  58 ...   1   1   1]
 [  1   1   0 ...   1   1   1]
 [  4   0   1 ... 148 168 136]]","[1343.8155517578125, 299.8176574707031, 1.4206352233886719]","[1218.84521484375, 376.0174560546875, 0.2075732946395874]","[1279.1756591796875, 377.4551696777344, 0.40050211548805237]","[1250.4468994140625, 528.4171142578125, 0.07928969711065292]","[1293.5400390625, 506.8511047363281, 0.7791733741760254]","[1338.0697021484375, 598.8660278320312, 0.24094422161579132]","[1335.1968994140625, 600.3037719726562, 0.4030055105686188]","[1200.17138671875, 631.933837890625, 0.1368103176355362]","[1273.4298095703125, 631.933837890625, 0.1828094869852066]","[1180.061279296875, 794.397705078125, 0.561120867729187]","[1342.379150390625, 811.6504516601562, 0.3935110569000244]","[1105.3663330078125, 971.2387084960938, 0.4271620213985443]","[1409.8917236328125, 991.366943359375, 0.39686673879623413]","[1249.010498046875, 376.736328125]","[1236.800537109375, 631.933837890625]",[140.94636633265748],[92.73923576559817],[78.28513657573045],[38.799353197171364],[83.66547092617276],[65.97490629187149],[97.05629519655437],[112.89845532875823],[69.0103940004458],[69.4107318095749],[131.79286943294068],[76.91997316027587],[140.5142166214409],[262.30035992062017],[162.30943536569873],[97.05629519655437],[195.84216013220387],[249.01039400044579],[180.4003378091291],MARIO
63,"[[  0   0   0 ...   0   0   0]
 [  0   0   0 ...   0   0   0]
 [  0   0   0 ...   0   0   0]
 ...
 [  3   4  11 ... 162 104  24]
 [  0   0   0 ...   2   1   7]
 [  0   0   0 ...   0   1   1]]","[1358.719970703125, 295.9524841308594, 1.3177638053894043]","[1246.55126953125, 367.93890380859375, 0.27338817715644836]","[1304.07373046875, 383.77587890625, 0.4233366847038269]","[1207.7236328125, 493.1952209472656, 0.05755803734064102]","[1315.578125, 507.5924987792969, 0.8663374781608582]","[1355.8438720703125, 609.813232421875, 0.1112717017531395]","[1364.4722900390625, 622.770751953125, 0.6671475768089294]","[1220.666259765625, 624.2105102539062, 0.12672966718673706]","[1289.693115234375, 627.0899658203125, 0.17501747608184814]","[1197.6572265625, 792.65869140625, 0.5230808258056641]","[1358.719970703125, 802.7367553710938, 0.40125009417533875]","[1112.8116455078125, 959.6671142578125, 0.41980183124542236]","[1414.804443359375, 991.3411865234375, 0.38097527623176575]","[1275.3125, 375.8573913574219]","[1255.1796875, 625.6502685546875]",[136.22863524590966],[94.60796603505113],[107.22267599396469],[38.21406226106523],[84.69161603155555],[66.99835732820499],[97.77813099161514],[116.9320154245894],[68.54583243060323],[73.43933225085772],[138.37933078914148],[91.8294813420054],[110.99138626710055],[249.2984213795963],[162.30674129664942],[95.38937165525917],[199.15388443297428],[246.15717424276485],[184.89349982025448],MARIO
